,ID
0,CPCT02010003T
1,CPCT02010022T
2,CPCT02010035T
3,CPCT02010037T
4,CPCT02010043T
5,CPCT02010050T
6,CPCT02010063T
7,CPCT02010110TIII
8,CPCT02010122T
9,CPCT02010123T
10,CPCT02010134T
11,CPCT02010173T
12,CPCT02010214TIII
13,CPCT02010227T
14,CPCT02010233T
15,CPCT02010238T
16,CPCT02010240T
17,CPCT02010246T
18,CPCT02010249T
19,CPCT02010250T
20,CPCT02010252T
21,CPCT02010255T
22,CPCT02010255TII
23,CPCT02010256TII
24,CPCT02010257T
25,CPCT02010260T
26,CPCT02010262T
27,CPCT02010263T
28,CPCT02010266T
29,CPCT02010267TII
30,CPCT02010267TIII
31,CPCT02010269T
32,CPCT02010272T
33,CPCT02010273T
34,CPCT02010276T
35,CPCT02010276TII
36,CPCT02010281T
37,CPCT02010288T
38,CPCT02010288TII
39,CPCT02010289T
40,CPCT02010290T
41,CPCT02010291TII
42,CPCT02010292TII
43,CPCT02010298T
44,CPCT02010299T
45,CPCT02010300T
46,CPCT02010312TII
47,CPCT02010313T
48,CPCT02010320T
49,CPCT02010324T
50,CPCT02010325T
51,CPCT02010326TII
52,CPCT02010329T
53,CPCT02010333TII
54,CPCT02010334T
55,CPCT02010335T
56,CPCT02010336T
57,CPCT02010337T
58,CPCT02010337TII
59,CPCT02010338T
60,CPCT02010340T
61,CPCT02010344TII
62,CPCT02010346T
63,CPCT02010347T
64,CPCT02010347TII
65,CPCT02010349T
66,CPCT02010351T
67,CPCT02010356T
68,CPCT02010359T
69,CPCT02010359TII
70,CPCT02010361T
71,CPCT02010369T
72,CPCT02010370T
73,CPCT02010371T
74,CPCT02010372T
75,CPCT02010373T
76,CPCT02010382TII
77,CPCT02010386T
78,CPCT02010389T
79,CPCT02010392T
80,CPCT02010393T
81,CPCT02010393TII
82,CPCT02010397T
83,CPCT02010398T
84,CPCT02010399T
85,CPCT02010401T
86,CPCT02010403T
87,CPCT02010403TII
88,CPCT02010406TII
89,CPCT02010407T
90,CPCT02010408T
91,CPCT02010408TII
92,CPCT02010409T
93,CPCT02010414T
94,CPCT02010415T
95,CPCT02010419T
96,CPCT02010422T
97,CPCT02010424T
98,CPCT02010427T
99,CPCT02010429T
100,CPCT02010433T
101,CPCT02010434T
102,CPCT02010436T
103,CPCT02010439T
104,CPCT02010440T
105,CPCT02010447T
106,CPCT02010450T
107,CPCT02010450TII
108,CPCT02010451T
109,CPCT02010452T
110,CPCT02010455T
111,CPCT02010458T
112,CPCT02010461T
113,CPCT02010468T
114,CPCT02010469T
115,CPCT02010471T
116,CPCT02010473T
117,CPCT02010474T
118,CPCT02010477T
119,CPCT02010478T
120,CPCT02010478TII
121,CPCT02010481T
122,CPCT02010483T
123,CPCT02010485T
124,CPCT02010486T
125,CPCT02010488T
126,CPCT02010490T
127,CPCT02010493T
128,CPCT02010494T
129,CPCT02010497T
130,CPCT02010500T
131,CPCT02010501T
132,CPCT02010503T
133,CPCT02010503TII
134,CPCT02010504T
135,CPCT02010505T
136,CPCT02010506T
137,CPCT02010507T
138,CPCT02010508T
139,CPCT02010509T
140,CPCT02010512T
141,CPCT02010514T
142,CPCT02010517T
143,CPCT02010518T
144,CPCT02010520T
145,CPCT02010521T
146,CPCT02010523T
147,CPCT02010524T
148,CPCT02010526T
149,CPCT02010528T
150,CPCT02010529T
151,CPCT02010530T
152,CPCT02010531T
153,CPCT02010532T
154,CPCT02010533T
155,CPCT02010534T
156,CPCT02010535T
157,CPCT02010536T
158,CPCT02010537T
159,CPCT02010541T
160,CPCT02010543T
161,CPCT02010545T
162,CPCT02010547T
163,CPCT02010548T
164,CPCT02010549T
165,CPCT02010550T
166,CPCT02010554T
167,CPCT02010555T
168,CPCT02010557T
169,CPCT02010559T
170,CPCT02010565T
171,CPCT02010567T
172,CPCT02010567TII
173,CPCT02010569T
174,CPCT02010572T
175,CPCT02010576T
176,CPCT02010577T
177,CPCT02010579T
178,CPCT02010585T
179,CPCT02010587T
180,CPCT02010589T
181,CPCT02010590T
182,CPCT02010591T
183,CPCT02010593T
184,CPCT02010595T
185,CPCT02010598T
186,CPCT02010599T
187,CPCT02010600T
188,CPCT02010603T
189,CPCT02010604T
190,CPCT02010605T
191,CPCT02010606T
192,CPCT02010607T
193,CPCT02010612T
194,CPCT02010613T
195,CPCT02010614T
196,CPCT02010621T
197,CPCT02010622T
198,CPCT02010623T
199,CPCT02010624T
200,CPCT02010625T
201,CPCT02010628T
202,CPCT02010629T
203,CPCT02010632T
204,CPCT02010633T
205,CPCT02010635T
206,CPCT02010639T
207,CPCT02010641TII
208,CPCT02010643T
209,CPCT02010646T
210,CPCT02010648T
211,CPCT02010649T
212,CPCT02010654T
213,CPCT02010655T
214,CPCT02010658T
215,CPCT02010661T
216,CPCT02010662T
217,CPCT02010663T
218,CPCT02010665T
219,CPCT02010666T
220,CPCT02010667T
221,CPCT02010674T
222,CPCT02010678T
223,CPCT02010679T
224,CPCT02010680T
225,CPCT02010682T
226,CPCT02010683T
227,CPCT02010687T
228,CPCT02010688T
229,CPCT02010690T
230,CPCT02010691T
231,CPCT02010692T
232,CPCT02010692TII
233,CPCT02010694T
234,CPCT02010695T
235,CPCT02010698T
236,CPCT02010700T
237,CPCT02010706T
238,CPCT02010708T
239,CPCT02010710T
240,CPCT02010711T
241,CPCT02010712T
242,CPCT02010715T
243,CPCT02010716T
244,CPCT02010720T
245,CPCT02010721T
246,CPCT02010722T
247,CPCT02010722TII
248,CPCT02010726T
249,CPCT02010727T
250,CPCT02010728T
251,CPCT02010730T
252,CPCT02010731T
253,CPCT02010732T
254,CPCT02010735T
255,CPCT02010738T
256,CPCT02010741T
257,CPCT02010742T
258,CPCT02010743T
259,CPCT02010746T
260,CPCT02010747T
261,CPCT02010750T
262,CPCT02010750TII
263,CPCT02010751T
264,CPCT02010752T
265,CPCT02010753T
266,CPCT02010754T
267,CPCT02010754TII
268,CPCT02010757T
269,CPCT02010758T
270,CPCT02010760T
271,CPCT02010762T
272,CPCT02010765T
273,CPCT02010768T
274,CPCT02010769T
275,CPCT02010772T
276,CPCT02010773T
277,CPCT02010774T
278,CPCT02010776T
279,CPCT02010776TII
280,CPCT02010779T
281,CPCT02010780T
282,CPCT02010781T
283,CPCT02010786T
284,CPCT02010790T
285,CPCT02010791T
286,CPCT02010794T
287,CPCT02010797T
288,CPCT02010801T
289,CPCT02010802T
290,CPCT02010807T
291,CPCT02010811T
292,CPCT02010813T
293,CPCT02010815T
294,CPCT02010824T
295,CPCT02010825T
296,CPCT02010833T
297,CPCT02010835T
298,CPCT02010838T
299,CPCT02010839T
300,CPCT02010840T
301,CPCT02010841T
302,CPCT02010842T
303,CPCT02010843T
304,CPCT02010846T
305,CPCT02010847T
306,CPCT02010849T
307,CPCT02010852T
308,CPCT02010853T
309,CPCT02010856T
310,CPCT02010857T
311,CPCT02010858T
312,CPCT02010863T
313,CPCT02010865T
314,CPCT02010866T
315,CPCT02010866TII
316,CPCT02010867T
317,CPCT02010870T
318,CPCT02010873T
319,CPCT02010874T
320,CPCT02010875T
321,CPCT02010877T
322,CPCT02010880T
323,CPCT02010884T
324,CPCT02010885T
325,CPCT02010886T
326,CPCT02010889T
327,CPCT02010890T
328,CPCT02010891T
329,CPCT02010894T
330,CPCT02010894TII
331,CPCT02010895T
332,CPCT02010896T
333,CPCT02010898T
334,CPCT02010900T
335,CPCT02010901T
336,CPCT02010903T
337,CPCT02010904T
338,CPCT02010907T
339,CPCT02010911T
340,CPCT02010913T
341,CPCT02010914T
342,CPCT02010915T
343,CPCT02010918T
344,CPCT02010924T
345,CPCT02010925T
346,CPCT02010926T
347,CPCT02010927T
348,CPCT02010931T
349,CPCT02010933T
350,CPCT02010934T
351,CPCT02010935T
352,CPCT02010936T
353,CPCT02010938T
354,CPCT02010939T
355,CPCT02010940T
356,CPCT02010941T
357,CPCT02010942TII
358,CPCT02010944T
359,CPCT02010944TIII
360,CPCT02010945T
361,CPCT02010947T
362,CPCT02010953T
363,CPCT02010954T
364,CPCT02010955T
365,CPCT02010958T
366,CPCT02010963T
367,CPCT02010963TII
368,CPCT02010965T
369,CPCT02010966T
370,CPCT02010966TII
371,CPCT02010967T
372,CPCT02010969T
373,CPCT02010971T
374,CPCT02010972T
375,CPCT02010973T
376,CPCT02010976T
377,CPCT02010977T
378,CPCT02010978T
379,CPCT02010979T
380,CPCT02010980T
381,CPCT02010981T
382,CPCT02010982T
383,CPCT02010984T
384,CPCT02010985T
385,CPCT02010986T
386,CPCT02010988T
387,CPCT02010989T
388,CPCT02010990T
389,CPCT02010994T
390,CPCT02010998T
391,CPCT02011000T
392,CPCT02011001T
393,CPCT02011002T
394,CPCT02011003T
395,CPCT02011004T
396,CPCT02011005T
397,CPCT02011006T
398,CPCT02011008T
399,CPCT02011009T
400,CPCT02011010T
401,CPCT02011011T
402,CPCT02011012T
403,CPCT02011013T
404,CPCT02011015T
405,CPCT02011017T
406,CPCT02011018T
407,CPCT02011019T
408,CPCT02011020T
409,CPCT02011021T
410,CPCT02011022T
411,CPCT02011025T
412,CPCT02011029T
413,CPCT02011031T
414,CPCT02011032T
415,CPCT02011035T
416,CPCT02011036T
417,CPCT02011037T
418,CPCT02011038T
419,CPCT02011040T
420,CPCT02011040TII
421,CPCT02011042T
422,CPCT02011043T
423,CPCT02011044T
424,CPCT02011045T
425,CPCT02011045TII
426,CPCT02011046T
427,CPCT02011047T
428,CPCT02011050T
429,CPCT02011051T
430,CPCT02011052T
431,CPCT02011053T
432,CPCT02011055T
433,CPCT02011056T
434,CPCT02011057T
435,CPCT02011058T
436,CPCT02011059T
437,CPCT02011065T
438,CPCT02011067T
439,CPCT02011068T
440,CPCT02011069T
441,CPCT02011070T
442,CPCT02011071T
443,CPCT02011072T
444,CPCT02011073T
445,CPCT02011074T
446,CPCT02011077T
447,CPCT02011079T
448,CPCT02011080T
449,CPCT02011082T
450,CPCT02011086T
451,CPCT02011087T
452,CPCT02011088T
453,CPCT02011089T
454,CPCT02011089TII
455,CPCT02011090T
456,CPCT02011093T
457,CPCT02011094T
458,CPCT02011097T
459,CPCT02011098T
460,CPCT02011102T
461,CPCT02011105T
462,CPCT02011106T
463,CPCT02011107T
464,CPCT02011108T
465,CPCT02020105T
466,CPCT02020160TIII
467,CPCT02020171T
468,CPCT02020185T
469,CPCT02020186T
470,CPCT02020186TII
471,CPCT02020191T
472,CPCT02020192T
473,CPCT02020194T
474,CPCT02020195T
475,CPCT02020197T
476,CPCT02020201T
477,CPCT02020202T
478,CPCT02020203T
479,CPCT02020207T
480,CPCT02020212T
481,CPCT02020213T
482,CPCT02020215T
483,CPCT02020217T
484,CPCT02020218T
485,CPCT02020219T
486,CPCT02020223TII
487,CPCT02020224TII
488,CPCT02020231T
489,CPCT02020232TII
490,CPCT02020234T
491,CPCT02020235T
492,CPCT02020236T
493,CPCT02020238T
494,CPCT02020239T
495,CPCT02020240T
496,CPCT02020243T
497,CPCT02020245T
498,CPCT02020245TII
499,CPCT02020245TIII
500,CPCT02020246T
501,CPCT02020247T
502,CPCT02020248TII
503,CPCT02020249T
504,CPCT02020250T
505,CPCT02020257T
506,CPCT02020257TII
507,CPCT02020258T
508,CPCT02020258TII
509,CPCT02020264T
510,CPCT02020265T
511,CPCT02020267T
512,CPCT02020267TII
513,CPCT02020267TIII
514,CPCT02020268T
515,CPCT02020271T
516,CPCT02020272T
517,CPCT02020275T
518,CPCT02020276T
519,CPCT02020277T
520,CPCT02020277TII
521,CPCT02020278T
522,CPCT02020279T
523,CPCT02020281T
524,CPCT02020283T
525,CPCT02020285T
526,CPCT02020287T
527,CPCT02020288T
528,CPCT02020293T
529,CPCT02020294T
530,CPCT02020295T
531,CPCT02020298T
532,CPCT02020299T
533,CPCT02020303T
534,CPCT02020305T
535,CPCT02020306T
536,CPCT02020307T
537,CPCT02020308T
538,CPCT02020309T
539,CPCT02020310T
540,CPCT02020313T
541,CPCT02020314T
542,CPCT02020315T
543,CPCT02020319T
544,CPCT02020320T
545,CPCT02020322T
546,CPCT02020323T
547,CPCT02020325T
548,CPCT02020326T
549,CPCT02020330T
550,CPCT02020333T
551,CPCT02020334T
552,CPCT02020337T
553,CPCT02020340T
554,CPCT02020341T
555,CPCT02020342T
556,CPCT02020343T
557,CPCT02020344T
558,CPCT02020345T
559,CPCT02020345TII
560,CPCT02020347T
561,CPCT02020348T
562,CPCT02020350T
563,CPCT02020351T
564,CPCT02020351TII
565,CPCT02020353T
566,CPCT02020356T
567,CPCT02020357T
568,CPCT02020358T
569,CPCT02020362T
570,CPCT02020369T
571,CPCT02020370T
572,CPCT02020371T
573,CPCT02020373T
574,CPCT02020376T
575,CPCT02020377T
576,CPCT02020378T
577,CPCT02020380T
578,CPCT02020380TII
579,CPCT02020382T
580,CPCT02020383T
581,CPCT02020385T
582,CPCT02020386T
583,CPCT02020387T
584,CPCT02020388T
585,CPCT02020389T
586,CPCT02020393T
587,CPCT02020394T
588,CPCT02020398T
589,CPCT02020401T
590,CPCT02020403T
591,CPCT02020407T
592,CPCT02020408T
593,CPCT02020409T
594,CPCT02020410T
595,CPCT02020412T
596,CPCT02020413T
597,CPCT02020413TII
598,CPCT02020414T
599,CPCT02020417T
600,CPCT02020419T
601,CPCT02020420T
602,CPCT02020421T
603,CPCT02020422T
604,CPCT02020423T
605,CPCT02020426T
606,CPCT02020428T
607,CPCT02020429T
608,CPCT02020434T
609,CPCT02020436T
610,CPCT02020438T
611,CPCT02020441T
612,CPCT02020442T
613,CPCT02020444T
614,CPCT02020445T
615,CPCT02020447T
616,CPCT02020449T
617,CPCT02020450T
618,CPCT02020452T
619,CPCT02020454T
620,CPCT02020458T
621,CPCT02020459T
622,CPCT02020460T
623,CPCT02020464T
624,CPCT02020465T
625,CPCT02020466T
626,CPCT02020473T
627,CPCT02020474T
628,CPCT02020475T
629,CPCT02020476T
630,CPCT02020478T
631,CPCT02020480T
632,CPCT02020482T
633,CPCT02020483T
634,CPCT02020485T
635,CPCT02020486T
636,CPCT02020487T
637,CPCT02020490T
638,CPCT02020492T
639,CPCT02020493T
640,CPCT02020493TII
641,CPCT02020494T
642,CPCT02020497T
643,CPCT02020499T
644,CPCT02020500T
645,CPCT02020501T
646,CPCT02020502T
647,CPCT02020503T
648,CPCT02020505T
649,CPCT02020506T
650,CPCT02020506TII
651,CPCT02020508T
652,CPCT02020509T
653,CPCT02020511T
654,CPCT02020512T
655,CPCT02020513T
656,CPCT02020514T
657,CPCT02020516T
658,CPCT02020517T
659,CPCT02020519T
660,CPCT02020520T
661,CPCT02020521T
662,CPCT02020525T
663,CPCT02020526T
664,CPCT02020527T
665,CPCT02020535T
666,CPCT02020536T
667,CPCT02020539T
668,CPCT02020541T
669,CPCT02020542T
670,CPCT02020543T
671,CPCT02020544T
672,CPCT02020545T
673,CPCT02020546T
674,CPCT02020553T
675,CPCT02020554T
676,CPCT02020555T
677,CPCT02020559T
678,CPCT02020560T
679,CPCT02020561T
680,CPCT02020565T
681,CPCT02020566T
682,CPCT02020568T
683,CPCT02020572T
684,CPCT02020573T
685,CPCT02020574T
686,CPCT02020577T
687,CPCT02020578T
688,CPCT02020579T
689,CPCT02020580T
690,CPCT02020582T
691,CPCT02020583T
692,CPCT02020583TII
693,CPCT02020586T
694,CPCT02020587T
695,CPCT02020589T
696,CPCT02020591T
697,CPCT02020592T
698,CPCT02020593T
699,CPCT02020596T
700,CPCT02020597T
701,CPCT02020597TII
702,CPCT02020597TIII
703,CPCT02020598T
704,CPCT02020599T
705,CPCT02020600T
706,CPCT02020607T
707,CPCT02020609T
708,CPCT02020610T
709,CPCT02020611T
710,CPCT02020614T
711,CPCT02020615T
712,CPCT02020617T
713,CPCT02020619T
714,CPCT02020620T
715,CPCT02020621TII
716,CPCT02020622T
717,CPCT02020623T
718,CPCT02020626T
719,CPCT02020628T
720,CPCT02020629T
721,CPCT02020630T
722,CPCT02020632T
723,CPCT02020633T
724,CPCT02020633TII
725,CPCT02020635T
726,CPCT02020636T
727,CPCT02020637T
728,CPCT02020641T
729,CPCT02020642TII
730,CPCT02020643T
731,CPCT02020646T
732,CPCT02020648T
733,CPCT02020650T
734,CPCT02020651T
735,CPCT02020653T
736,CPCT02020656T
737,CPCT02020656TII
738,CPCT02020657T
739,CPCT02020658T
740,CPCT02020659T
741,CPCT02020662T
742,CPCT02020664T
743,CPCT02020665T
744,CPCT02020666T
745,CPCT02020667T
746,CPCT02020670T
747,CPCT02020670TII
748,CPCT02020671T
749,CPCT02020672T
750,CPCT02020673T
751,CPCT02020678T
752,CPCT02020678TII
753,CPCT02020680T
754,CPCT02020682T
755,CPCT02020683T
756,CPCT02020684T
757,CPCT02020685T
758,CPCT02020686T
759,CPCT02020687T
760,CPCT02020688T
761,CPCT02020690T
762,CPCT02020691T
763,CPCT02020692T
764,CPCT02020693T
765,CPCT02020694T
766,CPCT02020695T
767,CPCT02020696T
768,CPCT02020700T
769,CPCT02020703T
770,CPCT02020704T
771,CPCT02020704TII
772,CPCT02020706T
773,CPCT02020711T
774,CPCT02020712T
775,CPCT02020714T
776,CPCT02020715T
777,CPCT02020716T
778,CPCT02020717T
779,CPCT02020718T
780,CPCT02020719T
781,CPCT02020720T
782,CPCT02020721T
783,CPCT02020723T
784,CPCT02020731T
785,CPCT02020734T
786,CPCT02020736T
787,CPCT02020739T
788,CPCT02020740T
789,CPCT02020741T
790,CPCT02020743T
791,CPCT02020744T
792,CPCT02020750T
793,CPCT02020752T
794,CPCT02020757T
795,CPCT02020759T
796,CPCT02020760T
797,CPCT02020762T
798,CPCT02020764T
799,CPCT02020765T
800,CPCT02020767T
801,CPCT02020770T
802,CPCT02020773T
803,CPCT02020775T
804,CPCT02020778T
805,CPCT02020780T
806,CPCT02020781T
807,CPCT02020784T
808,CPCT02020785T
809,CPCT02020787T
810,CPCT02020788T
811,CPCT02020789T
812,CPCT02020790T
813,CPCT02020791T
814,CPCT02020794T
815,CPCT02020795T
816,CPCT02020800T
817,CPCT02020801T
818,CPCT02020802T
819,CPCT02020804T
820,CPCT02020807T
821,CPCT02020808T
822,CPCT02020810T
823,CPCT02020812T
824,CPCT02020813T
825,CPCT02020817T
826,CPCT02020819T
827,CPCT02020820T
828,CPCT02020821T
829,CPCT02020822T
830,CPCT02020824T
831,CPCT02020827T
832,CPCT02020828T
833,CPCT02020829T
834,CPCT02020830T
835,CPCT02020832T
836,CPCT02020837T
837,CPCT02020837TII
838,CPCT02020839T
839,CPCT02020840T
840,CPCT02020847T
841,CPCT02020848T
842,CPCT02020852T
843,CPCT02020853T
844,CPCT02020854T
845,CPCT02020857T
846,CPCT02020859T
847,CPCT02020861T
848,CPCT02020863T
849,CPCT02020865T
850,CPCT02020866T
851,CPCT02020867T
852,CPCT02020868T
853,CPCT02020876T
854,CPCT02020879T
855,CPCT02020886T
856,CPCT02020887T
857,CPCT02020888T
858,CPCT02020891T
859,CPCT02020894T
860,CPCT02020895T
861,CPCT02020895TII
862,CPCT02020896T
863,CPCT02020897T
864,CPCT02020898T
865,CPCT02020901T
866,CPCT02020902T
867,CPCT02020903T
868,CPCT02020906T
869,CPCT02020910T
870,CPCT02020912T
871,CPCT02020914T
872,CPCT02020915T
873,CPCT02020916T
874,CPCT02020918T
875,CPCT02020918TII
876,CPCT02020919T
877,CPCT02020920T
878,CPCT02020922T
879,CPCT02020924T
880,CPCT02020924TII
881,CPCT02020925T
882,CPCT02020930T
883,CPCT02020931T
884,CPCT02020933T
885,CPCT02020934T
886,CPCT02020937T
887,CPCT02020938T
888,CPCT02020938TII
889,CPCT02020939T
890,CPCT02020940T
891,CPCT02020940TII
892,CPCT02020942T
893,CPCT02020946T
894,CPCT02020947T
895,CPCT02020949T
896,CPCT02020951T
897,CPCT02020952T
898,CPCT02020955T
899,CPCT02020956T
900,CPCT02020958T
901,CPCT02020958TII
902,CPCT02020959T
903,CPCT02020960T
904,CPCT02020964T
905,CPCT02020965T
906,CPCT02020966T
907,CPCT02020968T
908,CPCT02020969T
909,CPCT02020970T
910,CPCT02020971T
911,CPCT02020972T
912,CPCT02020973T
913,CPCT02020975T
914,CPCT02020977T
915,CPCT02020979T
916,CPCT02020981T
917,CPCT02020982T
918,CPCT02020983T
919,CPCT02020984T
920,CPCT02020986T
921,CPCT02020988T
922,CPCT02020989T
923,CPCT02020991T
924,CPCT02020993T
925,CPCT02020996T
926,CPCT02020997T
927,CPCT02030213T
928,CPCT02030216TII
929,CPCT02030218TII
930,CPCT02030218TIII
931,CPCT02030220T
932,CPCT02030221T
933,CPCT02030224T
934,CPCT02030225T
935,CPCT02030226T
936,CPCT02030227T
937,CPCT02030233T
938,CPCT02030234T
939,CPCT02030237T
940,CPCT02030238T
941,CPCT02030242T
942,CPCT02030243T
943,CPCT02030245T
944,CPCT02030246T
945,CPCT02030246TII
946,CPCT02030247T
947,CPCT02030250T
948,CPCT02030256T
949,CPCT02030257T
950,CPCT02030258T
951,CPCT02030259TII
952,CPCT02030259TIII
953,CPCT02030261T
954,CPCT02030262T
955,CPCT02030264T
956,CPCT02030265T
957,CPCT02030265TII
958,CPCT02030269T
959,CPCT02030270T
960,CPCT02030271T
961,CPCT02030272T
962,CPCT02030274T
963,CPCT02030275T
964,CPCT02030276T
965,CPCT02030277T
966,CPCT02030278T
967,CPCT02030279T
968,CPCT02030280T
969,CPCT02030284T
970,CPCT02030285T
971,CPCT02030286T
972,CPCT02030289T
973,CPCT02030289TII
974,CPCT02030289TIII
975,CPCT02030290T
976,CPCT02030291T
977,CPCT02030294T
978,CPCT02030296T
979,CPCT02030299T
980,CPCT02030300T
981,CPCT02030302T
982,CPCT02030303T
983,CPCT02030304T
984,CPCT02030305T
985,CPCT02030306T
986,CPCT02030307T
987,CPCT02030310T
988,CPCT02030318T
989,CPCT02030319T
990,CPCT02030320T
991,CPCT02030323T
992,CPCT02030324T
993,CPCT02030325T
994,CPCT02030326T
995,CPCT02030327T
996,CPCT02030328T
997,CPCT02030329T
998,CPCT02030330T
999,CPCT02030331T
1000,CPCT02030332T
1001,CPCT02030335T
1002,CPCT02030336T
1003,CPCT02030337TII
1004,CPCT02030339T
1005,CPCT02030339TII
1006,CPCT02030340T
1007,CPCT02030343T
1008,CPCT02030347T
1009,CPCT02030350T
1010,CPCT02030351T
1011,CPCT02030354T
1012,CPCT02030355T
1013,CPCT02030356T
1014,CPCT02030357T
1015,CPCT02030361T
1016,CPCT02030363T
1017,CPCT02030366T
1018,CPCT02030367T
1019,CPCT02030368T
1020,CPCT02030369T
1021,CPCT02030370T
1022,CPCT02030371T
1023,CPCT02030374T
1024,CPCT02030375T
1025,CPCT02030376T
1026,CPCT02030377T
1027,CPCT02030380T
1028,CPCT02030380TII
1029,CPCT02030381T
1030,CPCT02030382T
1031,CPCT02030383T
1032,CPCT02030384T
1033,CPCT02030385T
1034,CPCT02030386T
1035,CPCT02030387T
1036,CPCT02030392T
1037,CPCT02030394T
1038,CPCT02030396T
1039,CPCT02030397T
1040,CPCT02030398T
1041,CPCT02030399T
1042,CPCT02030400T
1043,CPCT02030408T
1044,CPCT02030409T
1045,CPCT02030410T
1046,CPCT02030415T
1047,CPCT02030416T
1048,CPCT02030417T
1049,CPCT02030421T
1050,CPCT02030422T
1051,CPCT02030426T
1052,CPCT02030428T
1053,CPCT02030430T
1054,CPCT02030431T
1055,CPCT02030434T
1056,CPCT02030435T
1057,CPCT02030437T
1058,CPCT02030440T
1059,CPCT02030441T
1060,CPCT02030442T
1061,CPCT02030443T
1062,CPCT02030445T
1063,CPCT02030447T
1064,CPCT02030448T
1065,CPCT02030450T
1066,CPCT02030451T
1067,CPCT02030453T
1068,CPCT02030454T
1069,CPCT02030455T
1070,CPCT02030458T
1071,CPCT02030461T
1072,CPCT02030463T
1073,CPCT02030464T
1074,CPCT02030465T
1075,CPCT02030466T
1076,CPCT02030467T
1077,CPCT02030468T
1078,CPCT02030471T
1079,CPCT02030472T
1080,CPCT02030476T
1081,CPCT02030477T
1082,CPCT02030478T
1083,CPCT02030479T
1084,CPCT02030482T
1085,CPCT02030483T
1086,CPCT02030484T
1087,CPCT02030487T
1088,CPCT02030488T
1089,CPCT02030490T
1090,CPCT02030492T
1091,CPCT02030493T
1092,CPCT02030495T
1093,CPCT02030498T
1094,CPCT02030499T
1095,CPCT02030500T
1096,CPCT02030501T
1097,CPCT02030505T
1098,CPCT02030506T
1099,CPCT02030509T
1100,CPCT02030510T
1101,CPCT02030513T
1102,CPCT02030514T
1103,CPCT02030516T
1104,CPCT02030517T
1105,CPCT02030519T
1106,CPCT02030520T
1107,CPCT02030521T
1108,CPCT02030522T
1109,CPCT02030528T
1110,CPCT02030529T
1111,CPCT02030532T
1112,CPCT02030537T
1113,CPCT02030543T
1114,CPCT02030545T
1115,CPCT02030546T
1116,CPCT02030547T
1117,CPCT02030548T
1118,CPCT02030549T
1119,CPCT02030550T
1120,CPCT02030551TII
1121,CPCT02030552T
1122,CPCT02030553T
1123,CPCT02030555T
1124,CPCT02030556T
1125,CPCT02040007T
1126,CPCT02040008T
1127,CPCT02040011T
1128,CPCT02040012T
1129,CPCT02040013T
1130,CPCT02040014T
1131,CPCT02040017T
1132,CPCT02040018T
1133,CPCT02040020T
1134,CPCT02040021T
1135,CPCT02040021TII
1136,CPCT02040027T
1137,CPCT02040031T
1138,CPCT02040035T
1139,CPCT02040036T
1140,CPCT02040038T
1141,CPCT02040039T
1142,CPCT02040040T
1143,CPCT02040043T
1144,CPCT02040045T
1145,CPCT02040046T
1146,CPCT02040047T
1147,CPCT02040048T
1148,CPCT02040050T
1149,CPCT02040051T
1150,CPCT02040054T
1151,CPCT02040055T
1152,CPCT02040058T
1153,CPCT02040062T
1154,CPCT02040063T
1155,CPCT02040064T
1156,CPCT02040067T
1157,CPCT02040068T
1158,CPCT02040069T
1159,CPCT02040070T
1160,CPCT02040071T
1161,CPCT02040071TII
1162,CPCT02040072T
1163,CPCT02040075T
1164,CPCT02040078T
1165,CPCT02040083T
1166,CPCT02040086T
1167,CPCT02040089T
1168,CPCT02040091T
1169,CPCT02040092T
1170,CPCT02040093T
1171,CPCT02040097T
1172,CPCT02040100T
1173,CPCT02040102T
1174,CPCT02040104T
1175,CPCT02040105T
1176,CPCT02040106T
1177,CPCT02040107T
1178,CPCT02040108T
1179,CPCT02040114T
1180,CPCT02040115T
1181,CPCT02040115TII
1182,CPCT02040117T
1183,CPCT02040119T
1184,CPCT02040122T
1185,CPCT02040123T
1186,CPCT02040127T
1187,CPCT02040134T
1188,CPCT02040138T
1189,CPCT02040140T
1190,CPCT02040141T
1191,CPCT02040142T
1192,CPCT02040143T
1193,CPCT02040144T
1194,CPCT02040145T
1195,CPCT02040148T
1196,CPCT02040151T
1197,CPCT02040152T
1198,CPCT02040154T
1199,CPCT02040156T
1200,CPCT02040157T
1201,CPCT02040160T
1202,CPCT02040164T
1203,CPCT02040165T
1204,CPCT02040169T
1205,CPCT02040170T
1206,CPCT02040173T
1207,CPCT02040174T
1208,CPCT02040181T
1209,CPCT02040183T
1210,CPCT02040188T
1211,CPCT02040191T
1212,CPCT02040192T
1213,CPCT02040196T
1214,CPCT02040198T
1215,CPCT02040201T
1216,CPCT02040202T
1217,CPCT02040204T
1218,CPCT02040205T
1219,CPCT02040207T
1220,CPCT02040208T
1221,CPCT02040214T
1222,CPCT02040215T
1223,CPCT02040215TII
1224,CPCT02040216T
1225,CPCT02040219T
1226,CPCT02040220T
1227,CPCT02040221T
1228,CPCT02040223T
1229,CPCT02040224T
1230,CPCT02040226T
1231,CPCT02040228T
1232,CPCT02040230T
1233,CPCT02040235T
1234,CPCT02040241T
1235,CPCT02040242T
1236,CPCT02040245T
1237,CPCT02040246T
1238,CPCT02040248T
1239,CPCT02040249T
1240,CPCT02040250T
1241,CPCT02040251T
1242,CPCT02040254T
1243,CPCT02040255T
1244,CPCT02040257T
1245,CPCT02040258T
1246,CPCT02040264T
1247,CPCT02040266T
1248,CPCT02040267T
1249,CPCT02040269T
1250,CPCT02040271T
1251,CPCT02040273T
1252,CPCT02040280T
1253,CPCT02040280TII
1254,CPCT02040282T
1255,CPCT02040283T
1256,CPCT02040286T
1257,CPCT02040290T
1258,CPCT02040291T
1259,CPCT02040292T
1260,CPCT02040294T
1261,CPCT02040295T
1262,CPCT02040298T
1263,CPCT02040299T
1264,CPCT02040299TII
1265,CPCT02040301T
1266,CPCT02040302T
1267,CPCT02040306T
1268,CPCT02040307T
1269,CPCT02040312T
1270,CPCT02040315T
1271,CPCT02040316T
1272,CPCT02040320T
1273,CPCT02040321T
1274,CPCT02040323T
1275,CPCT02040325T
1276,CPCT02040329T
1277,CPCT02040331T
1278,CPCT02040334T
1279,CPCT02040337T
1280,CPCT02040338T
1281,CPCT02040340T
1282,CPCT02040341T
1283,CPCT02040342T
1284,CPCT02040343T
1285,CPCT02050004T
1286,CPCT02050007T
1287,CPCT02050011T
1288,CPCT02050013T
1289,CPCT02050014T
1290,CPCT02050018T
1291,CPCT02050019T
1292,CPCT02050021T
1293,CPCT02050022T
1294,CPCT02050024T
1295,CPCT02050026T
1296,CPCT02050027T
1297,CPCT02050028T
1298,CPCT02050029T
1299,CPCT02050031T
1300,CPCT02050032T
1301,CPCT02050034T
1302,CPCT02050035T
1303,CPCT02050037T
1304,CPCT02050038T
1305,CPCT02050040T
1306,CPCT02050041T
1307,CPCT02050043T
1308,CPCT02050045T
1309,CPCT02050046T
1310,CPCT02050047T
1311,CPCT02050048T
1312,CPCT02050051T
1313,CPCT02050052T
1314,CPCT02050052TII
1315,CPCT02050053T
1316,CPCT02050055T
1317,CPCT02050055TII
1318,CPCT02050056T
1319,CPCT02050057T
1320,CPCT02050058T
1321,CPCT02050060T
1322,CPCT02050061T
1323,CPCT02050063T
1324,CPCT02050068T
1325,CPCT02050070T
1326,CPCT02050071T
1327,CPCT02050073T
1328,CPCT02050073TII
1329,CPCT02050074T
1330,CPCT02050075T
1331,CPCT02050077T
1332,CPCT02050079T
1333,CPCT02050079TII
1334,CPCT02050082T
1335,CPCT02050085T
1336,CPCT02050086T
1337,CPCT02050087T
1338,CPCT02050088T
1339,CPCT02050089T
1340,CPCT02050091T
1341,CPCT02050092T
1342,CPCT02050093T
1343,CPCT02050095T
1344,CPCT02050096T
1345,CPCT02050097T
1346,CPCT02050100T
1347,CPCT02050103T
1348,CPCT02050104T
1349,CPCT02050106T
1350,CPCT02050107T
1351,CPCT02050108T
1352,CPCT02050109T
1353,CPCT02050110T
1354,CPCT02050113T
1355,CPCT02050114T
1356,CPCT02050115T
1357,CPCT02050117T
1358,CPCT02050118T
1359,CPCT02050120T
1360,CPCT02050124T
1361,CPCT02050127T
1362,CPCT02050128T
1363,CPCT02050133T
1364,CPCT02050135T
1365,CPCT02050138T
1366,CPCT02050139T
1367,CPCT02050141T
1368,CPCT02050143T
1369,CPCT02050146T
1370,CPCT02050148T
1371,CPCT02050149T
1372,CPCT02050151T
1373,CPCT02050156T
1374,CPCT02050157T
1375,CPCT02050158T
1376,CPCT02050159T
1377,CPCT02050160T
1378,CPCT02050161T
1379,CPCT02050163T
1380,CPCT02050164T
1381,CPCT02050166T
1382,CPCT02050168T
1383,CPCT02050170T
1384,CPCT02050172T
1385,CPCT02050174T
1386,CPCT02050175T
1387,CPCT02050176T
1388,CPCT02050179T
1389,CPCT02050181T
1390,CPCT02050182T
1391,CPCT02050183T
1392,CPCT02050184T
1393,CPCT02050186T
1394,CPCT02050187T
1395,CPCT02050193T
1396,CPCT02050194T
1397,CPCT02050195T
1398,CPCT02050199T
1399,CPCT02050202T
1400,CPCT02050203T
1401,CPCT02050209T
1402,CPCT02050210T
1403,CPCT02050211T
1404,CPCT02050212T
1405,CPCT02050213T
1406,CPCT02050214T
1407,CPCT02050215T
1408,CPCT02050216T
1409,CPCT02050217T
1410,CPCT02050218T
1411,CPCT02050220T
1412,CPCT02050223T
1413,CPCT02050224T
1414,CPCT02050225T
1415,CPCT02050225TII
1416,CPCT02050227T
1417,CPCT02050232T
1418,CPCT02050233T
1419,CPCT02050234T
1420,CPCT02050235T
1421,CPCT02050236T
1422,CPCT02050238T
1423,CPCT02050239T
1424,CPCT02050240T
1425,CPCT02050241T
1426,CPCT02050243T
1427,CPCT02050244T
1428,CPCT02050245T
1429,CPCT02050246T
1430,CPCT02050249T
1431,CPCT02050250T
1432,CPCT02050251T
1433,CPCT02050254T
1434,CPCT02050256T
1435,CPCT02050258T
1436,CPCT02050259T
1437,CPCT02050260T
1438,CPCT02050261T
1439,CPCT02050263T
1440,CPCT02050268T
1441,CPCT02050269T
1442,CPCT02050276T
1443,CPCT02050276TII
1444,CPCT02050278T
1445,CPCT02050279T
1446,CPCT02050280T
1447,CPCT02050281T
1448,CPCT02050283T
1449,CPCT02050285T
1450,CPCT02050286T
1451,CPCT02050287T
1452,CPCT02050288T
1453,CPCT02050289T
1454,CPCT02050291T
1455,CPCT02050294T
1456,CPCT02050295T
1457,CPCT02050296T
1458,CPCT02050297T
1459,CPCT02050299T
1460,CPCT02050300T
1461,CPCT02050301T
1462,CPCT02050304T
1463,CPCT02050307T
1464,CPCT02050308T
1465,CPCT02050309T
1466,CPCT02050310T
1467,CPCT02050312T
1468,CPCT02050314T
1469,CPCT02050315T
1470,CPCT02050317T
1471,CPCT02050319T
1472,CPCT02050321T
1473,CPCT02050322T
1474,CPCT02050325T
1475,CPCT02050327T
1476,CPCT02050329T
1477,CPCT02050330T
1478,CPCT02050331T
1479,CPCT02050332T
1480,CPCT02050333T
1481,CPCT02050335T
1482,CPCT02050337T
1483,CPCT02050338T
1484,CPCT02050339T
1485,CPCT02050341T
1486,CPCT02050343T
1487,CPCT02050344T
1488,CPCT02050346T
1489,CPCT02050347T
1490,CPCT02050348T
1491,CPCT02050349T
1492,CPCT02050351T
1493,CPCT02050351TII
1494,CPCT02050352T
1495,CPCT02050354T
1496,CPCT02050355T
1497,CPCT02050356T
1498,CPCT02050357T
1499,CPCT02050358T
1500,CPCT02050359T
1501,CPCT02050360T
1502,CPCT02050362T
1503,CPCT02050364T
1504,CPCT02050365T
1505,CPCT02050367T
1506,CPCT02050370T
1507,CPCT02050371T
1508,CPCT02050373T
1509,CPCT02050375T
1510,CPCT02050376T
1511,CPCT02050380T
1512,CPCT02050383T
1513,CPCT02050384T
1514,CPCT02050385T
1515,CPCT02050386T
1516,CPCT02050387T
1517,CPCT02050389T
1518,CPCT02050390T
1519,CPCT02050391T
1520,CPCT02050392T
1521,CPCT02050395T
1522,CPCT02050396T
1523,CPCT02050397T
1524,CPCT02050398T
1525,CPCT02050399T
1526,CPCT02050402T
1527,CPCT02050403T
1528,CPCT02050404T
1529,CPCT02050405T
1530,CPCT02050407T
1531,CPCT02050409T
1532,CPCT02050411T
1533,CPCT02050412T
1534,CPCT02050414T
1535,CPCT02050415T
1536,CPCT02050418T
1537,CPCT02050421T
1538,CPCT02050424T
1539,CPCT02050427T
1540,CPCT02050431T
1541,CPCT02050432T
1542,CPCT02050434T
1543,CPCT02050436T
1544,CPCT02050437T
1545,CPCT02050438T
1546,CPCT02050439T
1547,CPCT02050440T
1548,CPCT02050441T
1549,CPCT02050442T
1550,CPCT02050443T
1551,CPCT02050445T
1552,CPCT02050447T
1553,CPCT02050450T
1554,CPCT02060006T
1555,CPCT02060010T
1556,CPCT02060011T
1557,CPCT02060013T
1558,CPCT02060015T
1559,CPCT02060018T
1560,CPCT02060022T
1561,CPCT02060029T
1562,CPCT02060035T
1563,CPCT02060039T
1564,CPCT02060042T
1565,CPCT02060044T
1566,CPCT02060045T
1567,CPCT02060046T
1568,CPCT02060050T
1569,CPCT02060053T
1570,CPCT02060054T
1571,CPCT02060056T
1572,CPCT02060058T
1573,CPCT02060059T
1574,CPCT02060061T
1575,CPCT02060066T
1576,CPCT02060067T
1577,CPCT02060070T
1578,CPCT02060071T
1579,CPCT02060072T
1580,CPCT02060073T
1581,CPCT02060075T
1582,CPCT02060082T
1583,CPCT02060086T
1584,CPCT02060088T
1585,CPCT02060089T
1586,CPCT02060092T
1587,CPCT02060093T
1588,CPCT02060094T
1589,CPCT02060096T
1590,CPCT02060103T
1591,CPCT02060104T
1592,CPCT02060105T
1593,CPCT02060107T
1594,CPCT02060108T
1595,CPCT02060110T
1596,CPCT02060111T
1597,CPCT02060112T
1598,CPCT02060114T
1599,CPCT02060116T
1600,CPCT02060117T
1601,CPCT02060118T
1602,CPCT02060119T
1603,CPCT02060120T
1604,CPCT02060121T
1605,CPCT02060124T
1606,CPCT02060126T
1607,CPCT02060127T
1608,CPCT02060128T
1609,CPCT02060129T
1610,CPCT02060130T
1611,CPCT02060135T
1612,CPCT02060136T
1613,CPCT02060138T
1614,CPCT02060142T
1615,CPCT02060147T
1616,CPCT02060149T
1617,CPCT02060150T
1618,CPCT02060155T
1619,CPCT02060156T
1620,CPCT02060160T
1621,CPCT02060161T
1622,CPCT02060163T
1623,CPCT02060166T
1624,CPCT02060167T
1625,CPCT02060168T
1626,CPCT02060179T
1627,CPCT02060181T
1628,CPCT02060182T
1629,CPCT02060183T
1630,CPCT02060191T
1631,CPCT02060192T
1632,CPCT02060196T
1633,CPCT02060197T
1634,CPCT02060199T
1635,CPCT02060200T
1636,CPCT02060201T
1637,CPCT02060210T
1638,CPCT02060211T
1639,CPCT02060213T
1640,CPCT02060214T
1641,CPCT02060220T
1642,CPCT02060221T
1643,CPCT02060222T
1644,CPCT02060224T
1645,CPCT02060225T
1646,CPCT02060226T
1647,CPCT02060228T
1648,CPCT02060230T
1649,CPCT02060231T
1650,CPCT02060235T
1651,CPCT02060236T
1652,CPCT02060237T
1653,CPCT02060239T
1654,CPCT02060240T
1655,CPCT02060241T
1656,CPCT02060242T
1657,CPCT02060245T
1658,CPCT02060246T
1659,CPCT02060247T
1660,CPCT02060248T
1661,CPCT02060249T
1662,CPCT02060251T
1663,CPCT02060253T
1664,CPCT02060254T
1665,CPCT02060255T
1666,CPCT02060256T
1667,CPCT02060257T
1668,CPCT02060258T
1669,CPCT02060259T
1670,CPCT02060261T
1671,CPCT02060264T
1672,CPCT02060265T
1673,CPCT02060268T
1674,CPCT02060269T
1675,CPCT02060272T
1676,CPCT02060274T
1677,CPCT02060275T
1678,CPCT02060276T
1679,CPCT02060277T
1680,CPCT02060278T
1681,CPCT02060279T
1682,CPCT02060282T
1683,CPCT02060285T
1684,CPCT02060286T
1685,CPCT02060288T
1686,CPCT02060289T
1687,CPCT02060290T
1688,CPCT02060291T
1689,CPCT02060292T
1690,CPCT02060294T
1691,CPCT02070001T
1692,CPCT02070007T
1693,CPCT02070008T
1694,CPCT02070009T
1695,CPCT02070010T
1696,CPCT02070011T
1697,CPCT02070013T
1698,CPCT02070015T
1699,CPCT02070020T
1700,CPCT02070021T
1701,CPCT02070023T
1702,CPCT02070023TII
1703,CPCT02070024T
1704,CPCT02070027T
1705,CPCT02070030T
1706,CPCT02070032T
1707,CPCT02070033T
1708,CPCT02070034T
1709,CPCT02070035T
1710,CPCT02070036T
1711,CPCT02070037T
1712,CPCT02070038T
1713,CPCT02070039T
1714,CPCT02070040T
1715,CPCT02070041T
1716,CPCT02070043T
1717,CPCT02070044T
1718,CPCT02070046T
1719,CPCT02070049T
1720,CPCT02070051T
1721,CPCT02070053T
1722,CPCT02070055T
1723,CPCT02070055TII
1724,CPCT02070057T
1725,CPCT02070058T
1726,CPCT02070060T
1727,CPCT02070064T
1728,CPCT02070064TII
1729,CPCT02070064TIII
1730,CPCT02070065T
1731,CPCT02070066T
1732,CPCT02070068T
1733,CPCT02070069T
1734,CPCT02070069TII
1735,CPCT02070070T
1736,CPCT02070074T
1737,CPCT02070075T
1738,CPCT02070078T
1739,CPCT02070080T
1740,CPCT02070082T
1741,CPCT02070085TII
1742,CPCT02070086T
1743,CPCT02070087T
1744,CPCT02070091T
1745,CPCT02070092T
1746,CPCT02070094T
1747,CPCT02070095T
1748,CPCT02070096T
1749,CPCT02070098T
1750,CPCT02070100T
1751,CPCT02070101T
1752,CPCT02070102T
1753,CPCT02070105T
1754,CPCT02070106T
1755,CPCT02070107T
1756,CPCT02070107TII
1757,CPCT02070108T
1758,CPCT02070110T
1759,CPCT02070111T
1760,CPCT02070117T
1761,CPCT02070120T
1762,CPCT02070122T
1763,CPCT02070125T
1764,CPCT02070127T
1765,CPCT02070128T
1766,CPCT02070130T
1767,CPCT02070130TII
1768,CPCT02070131T
1769,CPCT02070132T
1770,CPCT02070133T
1771,CPCT02070134T
1772,CPCT02070135T
1773,CPCT02070139T
1774,CPCT02070140T
1775,CPCT02070141T
1776,CPCT02070142T
1777,CPCT02070143T
1778,CPCT02070144T
1779,CPCT02070145T
1780,CPCT02070147TII
1781,CPCT02070148T
1782,CPCT02070149T
1783,CPCT02070151T
1784,CPCT02070153T
1785,CPCT02070154T
1786,CPCT02070154TII
1787,CPCT02070156T
1788,CPCT02070158T
1789,CPCT02070159T
1790,CPCT02070161T
1791,CPCT02070162T
1792,CPCT02070164T
1793,CPCT02070167T
1794,CPCT02070168T
1795,CPCT02070169T
1796,CPCT02070171T
1797,CPCT02070172T
1798,CPCT02070174T
1799,CPCT02070174TII
1800,CPCT02070176T
1801,CPCT02070177T
1802,CPCT02070181T
1803,CPCT02070185T
1804,CPCT02070187T
1805,CPCT02070188T
1806,CPCT02070190T
1807,CPCT02070192T
1808,CPCT02070193T
1809,CPCT02070194T
1810,CPCT02070195T
1811,CPCT02070196T
1812,CPCT02070198T
1813,CPCT02070200T
1814,CPCT02070202T
1815,CPCT02070204T
1816,CPCT02070206T
1817,CPCT02070208T
1818,CPCT02070210T
1819,CPCT02070211T
1820,CPCT02070217T
1821,CPCT02070218T
1822,CPCT02070220T
1823,CPCT02070222T
1824,CPCT02070223T
1825,CPCT02070225T
1826,CPCT02070229T
1827,CPCT02070230T
1828,CPCT02070231T
1829,CPCT02070232T
1830,CPCT02070233T
1831,CPCT02070234T
1832,CPCT02070235T
1833,CPCT02070236T
1834,CPCT02070237T
1835,CPCT02070239T
1836,CPCT02070241T
1837,CPCT02070243T
1838,CPCT02070244T
1839,CPCT02070245T
1840,CPCT02070247T
1841,CPCT02070249T
1842,CPCT02070250T
1843,CPCT02070252T
1844,CPCT02070253T
1845,CPCT02070256T
1846,CPCT02070262T
1847,CPCT02070263T
1848,CPCT02070264T
1849,CPCT02070265T
1850,CPCT02070266T
1851,CPCT02070268T
1852,CPCT02070269T
1853,CPCT02070270T
1854,CPCT02070271T
1855,CPCT02070272T
1856,CPCT02070273T
1857,CPCT02070274T
1858,CPCT02070276T
1859,CPCT02070278T
1860,CPCT02070280T
1861,CPCT02070282T
1862,CPCT02070289T
1863,CPCT02070290T
1864,CPCT02070292T
1865,CPCT02070293T
1866,CPCT02070294T
1867,CPCT02070295T
1868,CPCT02070298T
1869,CPCT02070299T
1870,CPCT02070300T
1871,CPCT02070301T
1872,CPCT02070306T
1873,CPCT02070307T
1874,CPCT02070307TII
1875,CPCT02070309T
1876,CPCT02070311T
1877,CPCT02070312T
1878,CPCT02070313T
1879,CPCT02070315T
1880,CPCT02070317T
1881,CPCT02070318T
1882,CPCT02070319T
1883,CPCT02070320T
1884,CPCT02070321T
1885,CPCT02070322T
1886,CPCT02070323T
1887,CPCT02070324T
1888,CPCT02070331T
1889,CPCT02070335T
1890,CPCT02070336T
1891,CPCT02070338T
1892,CPCT02070339T
1893,CPCT02070341T
1894,CPCT02070342T
1895,CPCT02070344T
1896,CPCT02070345T
1897,CPCT02070348T
1898,CPCT02070349T
1899,CPCT02070350T
1900,CPCT02070351T
1901,CPCT02070352T
1902,CPCT02070353T
1903,CPCT02070355T
1904,CPCT02070357T
1905,CPCT02070358T
1906,CPCT02070359T
1907,CPCT02070360T
1908,CPCT02070361T
1909,CPCT02070362T
1910,CPCT02070363T
1911,CPCT02070364T
1912,CPCT02070365T
1913,CPCT02070366T
1914,CPCT02070367T
1915,CPCT02070368T
1916,CPCT02070370T
1917,CPCT02070371T
1918,CPCT02070372T
1919,CPCT02070373T
1920,CPCT02070378T
1921,CPCT02070379T
1922,CPCT02070381T
1923,CPCT02070383T
1924,CPCT02070386T
1925,CPCT02070388T
1926,CPCT02070389T
1927,CPCT02070391T
1928,CPCT02070392T
1929,CPCT02070393T
1930,CPCT02070395T
1931,CPCT02070396T
1932,CPCT02070397T
1933,CPCT02070398T
1934,CPCT02070399T
1935,CPCT02070401T
1936,CPCT02070402T
1937,CPCT02070403T
1938,CPCT02070404T
1939,CPCT02070405T
1940,CPCT02070406T
1941,CPCT02070409T
1942,CPCT02070410T
1943,CPCT02070415T
1944,CPCT02070416T
1945,CPCT02070418T
1946,CPCT02070420T
1947,CPCT02070424T
1948,CPCT02070425T
1949,CPCT02070426T
1950,CPCT02070430T
1951,CPCT02070433T
1952,CPCT02070434T
1953,CPCT02070436T
1954,CPCT02070441T
1955,CPCT02070443T
1956,CPCT02070444T
1957,CPCT02070444TII
1958,CPCT02070445T
1959,CPCT02070446T
1960,CPCT02070447T
1961,CPCT02070449T
1962,CPCT02070450T
1963,CPCT02070452T
1964,CPCT02070454T
1965,CPCT02070459T
1966,CPCT02070463T
1967,CPCT02070465T
1968,CPCT02070466T
1969,CPCT02070466TII
1970,CPCT02070468T
1971,CPCT02070470T
1972,CPCT02070472T
1973,CPCT02070473T
1974,CPCT02070474T
1975,CPCT02070478T
1976,CPCT02070480T
1977,CPCT02070482T
1978,CPCT02070483T
1979,CPCT02070484T
1980,CPCT02070485T
1981,CPCT02070486T
1982,CPCT02070487T
1983,CPCT02070490T
1984,CPCT02070491T
1985,CPCT02080001T
1986,CPCT02080001TII
1987,CPCT02080002T
1988,CPCT02080005T
1989,CPCT02080005TII
1990,CPCT02080006T
1991,CPCT02080014T
1992,CPCT02080014TII
1993,CPCT02080016T
1994,CPCT02080019T
1995,CPCT02080022T
1996,CPCT02080024T
1997,CPCT02080025T
1998,CPCT02080027T
1999,CPCT02080029T
2000,CPCT02080029TII
2001,CPCT02080031T
2002,CPCT02080033T
2003,CPCT02080036T
2004,CPCT02080039T
2005,CPCT02080040T
2006,CPCT02080041T
2007,CPCT02080042T
2008,CPCT02080045T
2009,CPCT02080047T
2010,CPCT02080048T
2011,CPCT02080049T
2012,CPCT02080050T
2013,CPCT02080052T
2014,CPCT02080053T
2015,CPCT02080054T
2016,CPCT02080055T
2017,CPCT02080056T
2018,CPCT02080057T
2019,CPCT02080060T
2020,CPCT02080062T
2021,CPCT02080063T
2022,CPCT02080064T
2023,CPCT02080067T
2024,CPCT02080069T
2025,CPCT02080070T
2026,CPCT02080070TII
2027,CPCT02080072T
2028,CPCT02080073T
2029,CPCT02080075T
2030,CPCT02080076T
2031,CPCT02080077T
2032,CPCT02080078T
2033,CPCT02080078TII
2034,CPCT02080079T
2035,CPCT02080080T
2036,CPCT02080084T
2037,CPCT02080088T
2038,CPCT02080089T
2039,CPCT02080091T
2040,CPCT02080092T
2041,CPCT02080093T
2042,CPCT02080095T
2043,CPCT02080099T
2044,CPCT02080100T
2045,CPCT02080101T
2046,CPCT02080102T
2047,CPCT02080103T
2048,CPCT02080106T
2049,CPCT02080107T
2050,CPCT02080110T
2051,CPCT02080111T
2052,CPCT02080112T
2053,CPCT02080113T
2054,CPCT02080114T
2055,CPCT02080116T
2056,CPCT02080119T
2057,CPCT02080120T
2058,CPCT02080122T
2059,CPCT02080123T
2060,CPCT02080125T
2061,CPCT02080126T
2062,CPCT02080127T
2063,CPCT02080128T
2064,CPCT02080130T
2065,CPCT02080131T
2066,CPCT02080136T
2067,CPCT02080137T
2068,CPCT02080138T
2069,CPCT02080139T
2070,CPCT02080143T
2071,CPCT02080152T
2072,CPCT02080153T
2073,CPCT02080156T
2074,CPCT02080157T
2075,CPCT02080158T
2076,CPCT02080160T
2077,CPCT02080162T
2078,CPCT02080163T
2079,CPCT02080164T
2080,CPCT02080168T
2081,CPCT02080169T
2082,CPCT02080170T
2083,CPCT02080173T
2084,CPCT02080174T
2085,CPCT02080175T
2086,CPCT02080177T
2087,CPCT02080179T
2088,CPCT02080180T
2089,CPCT02080181T
2090,CPCT02080181TII
2091,CPCT02080183T
2092,CPCT02080184T
2093,CPCT02080185T
2094,CPCT02080186T
2095,CPCT02080188T
2096,CPCT02080191T
2097,CPCT02080193T
2098,CPCT02080196T
2099,CPCT02080197T
2100,CPCT02080198T
2101,CPCT02080200T
2102,CPCT02080204T
2103,CPCT02080206T
2104,CPCT02080207T
2105,CPCT02080208T
2106,CPCT02080215T
2107,CPCT02080216T
2108,CPCT02080218T
2109,CPCT02080220T
2110,CPCT02080221T
2111,CPCT02080223T
2112,CPCT02080224T
2113,CPCT02080225T
2114,CPCT02080226T
2115,CPCT02080227T
2116,CPCT02080228T
2117,CPCT02080230T
2118,CPCT02080236T
2119,CPCT02080238T
2120,CPCT02080239T
2121,CPCT02080242T
2122,CPCT02080243T
2123,CPCT02080244T
2124,CPCT02080247T
2125,CPCT02080248T
2126,CPCT02080250T
2127,CPCT02080251T
2128,CPCT02080253T
2129,CPCT02080254T
2130,CPCT02080255T
2131,CPCT02080257T
2132,CPCT02080259T
2133,CPCT02080261T
2134,CPCT02080263T
2135,CPCT02080266T
2136,CPCT02080266TII
2137,CPCT02080269T
2138,CPCT02080270T
2139,CPCT02080271T
2140,CPCT02080273T
2141,CPCT02080275T
2142,CPCT02080280T
2143,CPCT02080281T
2144,CPCT02080282T
2145,CPCT02080283T
2146,CPCT02080284T
2147,CPCT02080285T
2148,CPCT02080287T
2149,CPCT02080288T
2150,CPCT02080290T
2151,CPCT02080291T
2152,CPCT02080294T
2153,CPCT02080295T
2154,CPCT02080296T
2155,CPCT02080297T
2156,CPCT02080300T
2157,CPCT02080302T
2158,CPCT02080303T
2159,CPCT02080304T
2160,CPCT02080307T
2161,CPCT02080308T
2162,CPCT02080311T
2163,CPCT02080312T
2164,CPCT02080313T
2165,CPCT02080314T
2166,CPCT02080315T
2167,CPCT02080317T
2168,CPCT02090002T
2169,CPCT02090003T
2170,CPCT02090004T
2171,CPCT02090005T
2172,CPCT02090006T
2173,CPCT02090009T
2174,CPCT02090011T
2175,CPCT02090012T
2176,CPCT02090014T
2177,CPCT02090015T
2178,CPCT02090018T
2179,CPCT02090019T
2180,CPCT02090020T
2181,CPCT02090021T
2182,CPCT02090023T
2183,CPCT02090026T
2184,CPCT02090027T
2185,CPCT02090028T
2186,CPCT02090031T
2187,CPCT02090033T
2188,CPCT02090034T
2189,CPCT02090035T
2190,CPCT02090036T
2191,CPCT02090037T
2192,CPCT02090038T
2193,CPCT02090039T
2194,CPCT02090042T
2195,CPCT02090043T
2196,CPCT02090044T
2197,CPCT02090047T
2198,CPCT02090050T
2199,CPCT02090052T
2200,CPCT02090053T
2201,CPCT02090057T
2202,CPCT02090058T
2203,CPCT02090059T
2204,CPCT02090060T
2205,CPCT02090062T
2206,CPCT02090063T
2207,CPCT02090064T
2208,CPCT02090065T
2209,CPCT02100001TII
2210,CPCT02100001TIII
2211,CPCT02100002T
2212,CPCT02100007T
2213,CPCT02100009T
2214,CPCT02100011T
2215,CPCT02100013T
2216,CPCT02100013TII
2217,CPCT02100017T
2218,CPCT02100019T
2219,CPCT02100020T
2220,CPCT02100021T
2221,CPCT02100023T
2222,CPCT02100024T
2223,CPCT02100026T
2224,CPCT02100027T
2225,CPCT02100028T
2226,CPCT02100029T
2227,CPCT02100030T
2228,CPCT02100032T
2229,CPCT02100033T
2230,CPCT02100035T
2231,CPCT02100036T
2232,CPCT02100037T
2233,CPCT02100041T
2234,CPCT02100042T
2235,CPCT02100043T
2236,CPCT02100044T
2237,CPCT02100048T
2238,CPCT02100049T
2239,CPCT02100050T
2240,CPCT02100051T
2241,CPCT02100055T
2242,CPCT02100056T
2243,CPCT02100057T
2244,CPCT02100058T
2245,CPCT02100064T
2246,CPCT02100066T
2247,CPCT02100067T
2248,CPCT02100067TII
2249,CPCT02100072T
2250,CPCT02100075T
2251,CPCT02100076T
2252,CPCT02100077T
2253,CPCT02100079T
2254,CPCT02100081T
2255,CPCT02100084T
2256,CPCT02100085T
2257,CPCT02100086T
2258,CPCT02100087T
2259,CPCT02100089T
2260,CPCT02100090T
2261,CPCT02100091T
2262,CPCT02100092T
2263,CPCT02100093T
2264,CPCT02100094T
2265,CPCT02100095T
2266,CPCT02100098T
2267,CPCT02100101T
2268,CPCT02100102T
2269,CPCT02100104T
2270,CPCT02100105T
2271,CPCT02100106T
2272,CPCT02100107T
2273,CPCT02100108T
2274,CPCT02100110T
2275,CPCT02100112T
2276,CPCT02100115T
2277,CPCT02100116T
2278,CPCT02100117T
2279,CPCT02100119T
2280,CPCT02100120T
2281,CPCT02100121T
2282,CPCT02100122T
2283,CPCT02100125T
2284,CPCT02100126T
2285,CPCT02100127T
2286,CPCT02100129T
2287,CPCT02100130T
2288,CPCT02100131T
2289,CPCT02100132T
2290,CPCT02100133T
2291,CPCT02100134T
2292,CPCT02100135T
2293,CPCT02100137T
2294,CPCT02100138T
2295,CPCT02100139T
2296,CPCT02100140T
2297,CPCT02100141T
2298,CPCT02100144T
2299,CPCT02100145T
2300,CPCT02100147T
2301,CPCT02100149T
2302,CPCT02100151T
2303,CPCT02100152T
2304,CPCT02100156T
2305,CPCT02100159T
2306,CPCT02100161T
2307,CPCT02100163T
2308,CPCT02100164T
2309,CPCT02100165T
2310,CPCT02100166T
2311,CPCT02100169T
2312,CPCT02100170T
2313,CPCT02100172T
2314,CPCT02100173T
2315,CPCT02100174T
2316,CPCT02100176T
2317,CPCT02100178T
2318,CPCT02100182T
2319,CPCT02100184T
2320,CPCT02100186T
2321,CPCT02100187T
2322,CPCT02100189T
2323,CPCT02100190T
2324,CPCT02100194T
2325,CPCT02100195T
2326,CPCT02100200T
2327,CPCT02100202T
2328,CPCT02100203T
2329,CPCT02100205T
2330,CPCT02110002T
2331,CPCT02110003T
2332,CPCT02110004T
2333,CPCT02110007T
2334,CPCT02110008T
2335,CPCT02110011T
2336,CPCT02110012T
2337,CPCT02110013T
2338,CPCT02110016T
2339,CPCT02110017T
2340,CPCT02110018T
2341,CPCT02110020T
2342,CPCT02110023T
2343,CPCT02110024T
2344,CPCT02110026T
2345,CPCT02110028T
2346,CPCT02110029T
2347,CPCT02110030T
2348,CPCT02110031T
2349,CPCT02110032T
2350,CPCT02110033T
2351,CPCT02110035T
2352,CPCT02110036T
2353,CPCT02110040T
2354,CPCT02110041T
2355,CPCT02110042T
2356,CPCT02110046T
2357,CPCT02110049T
2358,CPCT02110050T
2359,CPCT02110056T
2360,CPCT02110057T
2361,CPCT02110059T
2362,CPCT02110060T
2363,CPCT02110061T
2364,CPCT02110062T
2365,CPCT02110063T
2366,CPCT02110064T
2367,CPCT02110069T
2368,CPCT02110071T
2369,CPCT02110073T
2370,CPCT02110074T
2371,CPCT02110075T
2372,CPCT02110076T
2373,CPCT02110077T
2374,CPCT02110079T
2375,CPCT02110080T
2376,CPCT02110088T
2377,CPCT02110089T
2378,CPCT02110090T
2379,CPCT02110091T
2380,CPCT02110092T
2381,CPCT02120001T
2382,CPCT02120002T
2383,CPCT02120004T
2384,CPCT02120005T
2385,CPCT02120007T
2386,CPCT02120008T
2387,CPCT02120011T
2388,CPCT02120012T
2389,CPCT02120013T
2390,CPCT02120014T
2391,CPCT02120016T
2392,CPCT02120020T
2393,CPCT02120021T
2394,CPCT02120022T
2395,CPCT02120023T
2396,CPCT02120024T
2397,CPCT02120027T
2398,CPCT02120028T
2399,CPCT02120029T
2400,CPCT02120030T
2401,CPCT02120031T
2402,CPCT02120033T
2403,CPCT02120037T
2404,CPCT02120040T
2405,CPCT02120041T
2406,CPCT02120042T
2407,CPCT02120044T
2408,CPCT02120047T
2409,CPCT02120047TII
2410,CPCT02120048T
2411,CPCT02120050T
2412,CPCT02120051T
2413,CPCT02120052T
2414,CPCT02120053T
2415,CPCT02120054T
2416,CPCT02120055T
2417,CPCT02120056T
2418,CPCT02120057T
2419,CPCT02120058T
2420,CPCT02120059T
2421,CPCT02120061T
2422,CPCT02120062T
2423,CPCT02120063T
2424,CPCT02120066T
2425,CPCT02120069T
2426,CPCT02120073T
2427,CPCT02120074T
2428,CPCT02120077T
2429,CPCT02120078T
2430,CPCT02120079T
2431,CPCT02120080T
2432,CPCT02120085T
2433,CPCT02120087T
2434,CPCT02120088T
2435,CPCT02120090T
2436,CPCT02120091T
2437,CPCT02120095T
2438,CPCT02120096T
2439,CPCT02120097T
2440,CPCT02120098T
2441,CPCT02120099T
2442,CPCT02120100T
2443,CPCT02120101T
2444,CPCT02120102T
2445,CPCT02120105T
2446,CPCT02120107T
2447,CPCT02120108T
2448,CPCT02120110T
2449,CPCT02120111T
2450,CPCT02120112T
2451,CPCT02120114T
2452,CPCT02120117T
2453,CPCT02120118T
2454,CPCT02120119T
2455,CPCT02120120T
2456,CPCT02120121T
2457,CPCT02120123T
2458,CPCT02120124T
2459,CPCT02120131T
2460,CPCT02120132T
2461,CPCT02120136T
2462,CPCT02120137T
2463,CPCT02120138T
2464,CPCT02120140T
2465,CPCT02120144T
2466,CPCT02120145T
2467,CPCT02120146T
2468,CPCT02120147T
2469,CPCT02120148T
2470,CPCT02120149T
2471,CPCT02120150T
2472,CPCT02120152T
2473,CPCT02120153T
2474,CPCT02120154T
2475,CPCT02120158T
2476,CPCT02120160T
2477,CPCT02120161T
2478,CPCT02120162T
2479,CPCT02120165T
2480,CPCT02120167T
2481,CPCT02120168T
2482,CPCT02120171T
2483,CPCT02120172T
2484,CPCT02120176T
2485,CPCT02120177T
2486,CPCT02120179T
2487,CPCT02120180T
2488,CPCT02120182T
2489,CPCT02120183T
2490,CPCT02120184T
2491,CPCT02120187T
2492,CPCT02120189T
2493,CPCT02120191T
2494,CPCT02120193T
2495,CPCT02120195T
2496,CPCT02120198T
2497,CPCT02120199T
2498,CPCT02120200T
2499,CPCT02120203T
2500,CPCT02120204T
2501,CPCT02120206T
2502,CPCT02130003T
2503,CPCT02130006T
2504,CPCT02130010T
2505,CPCT02130013T
2506,CPCT02130014T
2507,CPCT02130024T
2508,CPCT02130025T
2509,CPCT02130028T
2510,CPCT02130031T
2511,CPCT02130032T
2512,CPCT02130033T
2513,CPCT02130034T
2514,CPCT02130035T
2515,CPCT02130041T
2516,CPCT02130044T
2517,CPCT02130046T
2518,CPCT02130047T
2519,CPCT02130048T
2520,CPCT02130049T
2521,CPCT02130050T
2522,CPCT02130051T
2523,CPCT02130054T
2524,CPCT02130056T
2525,CPCT02130057T
2526,CPCT02130059T
2527,CPCT02130062T
2528,CPCT02130064T
2529,CPCT02130066T
2530,CPCT02130067T
2531,CPCT02130069T
2532,CPCT02130070T
2533,CPCT02130071T
2534,CPCT02130079T
2535,CPCT02130082T
2536,CPCT02130084T
2537,CPCT02130085T
2538,CPCT02130087T
2539,CPCT02130091T
2540,CPCT02130093T
2541,CPCT02130095T
2542,CPCT02130096T
2543,CPCT02130105T
2544,CPCT02130107T
2545,CPCT02130116T
2546,CPCT02130118T
2547,CPCT02130120T
2548,CPCT02130122T
2549,CPCT02130125T
2550,CPCT02130127T
2551,CPCT02130129T
2552,CPCT02130131T
2553,CPCT02130132T
2554,CPCT02130134T
2555,CPCT02130137T
2556,CPCT02130138T
2557,CPCT02130139T
2558,CPCT02130140T
2559,CPCT02130142T
2560,CPCT02130144T
2561,CPCT02130146T
2562,CPCT02130147T
2563,CPCT02130148T
2564,CPCT02130152T
2565,CPCT02130154T
2566,CPCT02130155T
2567,CPCT02130156T
2568,CPCT02130157T
2569,CPCT02130158T
2570,CPCT02130159T
2571,CPCT02130163T
2572,CPCT02130164T
2573,CPCT02130167T
2574,CPCT02130169T
2575,CPCT02130170T
2576,CPCT02130172T
2577,CPCT02130173T
2578,CPCT02130178T
2579,CPCT02130180T
2580,CPCT02130184T
2581,CPCT02130186T
2582,CPCT02130188T
2583,CPCT02130189T
2584,CPCT02130190T
2585,CPCT02140003T
2586,CPCT02140004T
2587,CPCT02140004TII
2588,CPCT02140006T
2589,CPCT02140007T
2590,CPCT02140010T
2591,CPCT02140011T
2592,CPCT02140012T
2593,CPCT02140015T
2594,CPCT02140017T
2595,CPCT02140017TII
2596,CPCT02140018T
2597,CPCT02140020T
2598,CPCT02140021T
2599,CPCT02140022T
2600,CPCT02140023T
2601,CPCT02140024T
2602,CPCT02140025T
2603,CPCT02140026T
2604,CPCT02140028T
2605,CPCT02140029T
2606,CPCT02140030T
2607,CPCT02140034T
2608,CPCT02140037T
2609,CPCT02140038T
2610,CPCT02140039T
2611,CPCT02140040T
2612,CPCT02140041T
2613,CPCT02140041TII
2614,CPCT02140041TIII
2615,CPCT02140041TIV
2616,CPCT02140042T
2617,CPCT02140042TII
2618,CPCT02140044T
2619,CPCT02140045T
2620,CPCT02140046T
2621,CPCT02140047T
2622,CPCT02140050T
2623,CPCT02140052T
2624,CPCT02140053T
2625,CPCT02140054T
2626,CPCT02140055T
2627,CPCT02140056T
2628,CPCT02140059T
2629,CPCT02140060T
2630,CPCT02140061T
2631,CPCT02140065T
2632,CPCT02140067T
2633,CPCT02140070T
2634,CPCT02140071T
2635,CPCT02140072T
2636,CPCT02140074T
2637,CPCT02140075T
2638,CPCT02140079T
2639,CPCT02140080T
2640,CPCT02140081T
2641,CPCT02140083T
2642,CPCT02140085T
2643,CPCT02140085TII
2644,CPCT02140086T
2645,CPCT02140087T
2646,CPCT02140089T
2647,CPCT02140091T
2648,CPCT02140091TII
2649,CPCT02140093T
2650,CPCT02140094T
2651,CPCT02140094TII
2652,CPCT02140095T
2653,CPCT02140098T
2654,CPCT02140101T
2655,CPCT02140102T
2656,CPCT02140104T
2657,CPCT02140105T
2658,CPCT02140106T
2659,CPCT02140107T
2660,CPCT02140110T
2661,CPCT02150002T
2662,CPCT02150004T
2663,CPCT02150005T
2664,CPCT02150006T
2665,CPCT02150008T
2666,CPCT02150012T
2667,CPCT02150013T
2668,CPCT02150014T
2669,CPCT02150016T
2670,CPCT02150017T
2671,CPCT02150018T
2672,CPCT02150019T
2673,CPCT02150021T
2674,CPCT02150025T
2675,CPCT02150027T
2676,CPCT02150031T
2677,CPCT02150034T
2678,CPCT02150040T
2679,CPCT02150043T
2680,CPCT02150046T
2681,CPCT02150047T
2682,CPCT02150048T
2683,CPCT02150051T
2684,CPCT02150052T
2685,CPCT02160001T
2686,CPCT02160003T
2687,CPCT02160004T
2688,CPCT02160005T
2689,CPCT02160007T
2690,CPCT02160008T
2691,CPCT02160009T
2692,CPCT02160010T
2693,CPCT02160012T
2694,CPCT02160013T
2695,CPCT02160014T
2696,CPCT02160015T
2697,CPCT02160017T
2698,CPCT02160018T
2699,CPCT02160019T
2700,CPCT02160020T
2701,CPCT02160021T
2702,CPCT02160022T
2703,CPCT02160024T
2704,CPCT02160026T
2705,CPCT02160027T
2706,CPCT02160028T
2707,CPCT02160029T
2708,CPCT02160030T
2709,CPCT02160034T
2710,CPCT02160035T
2711,CPCT02160036T
2712,CPCT02160037T
2713,CPCT02160038T
2714,CPCT02160039T
2715,CPCT02160040T
2716,CPCT02160041T
2717,CPCT02160042T
2718,CPCT02160045T
2719,CPCT02160047T
2720,CPCT02160049T
2721,CPCT02160051T
2722,CPCT02160052T
2723,CPCT02160055T
2724,CPCT02160057T
2725,CPCT02160058T
2726,CPCT02160059T
2727,CPCT02160060T
2728,CPCT02160061T
2729,CPCT02160062T
2730,CPCT02170002T
2731,CPCT02170006T
2732,CPCT02170007T
2733,CPCT02170010T
2734,CPCT02170012T
2735,CPCT02170014T
2736,CPCT02170016T
2737,CPCT02170017T
2738,CPCT02170018T
2739,CPCT02170019T
2740,CPCT02170020T
2741,CPCT02170022T
2742,CPCT02170024T
2743,CPCT02170027T
2744,CPCT02170029T
2745,CPCT02170032T
2746,CPCT02170033T
2747,CPCT02170035T
2748,CPCT02170036T
2749,CPCT02170037T
2750,CPCT02170038T
2751,CPCT02170039T
2752,CPCT02180002T
2753,CPCT02180003T
2754,CPCT02180005T
2755,CPCT02180007T
2756,CPCT02180008T
2757,CPCT02180009T
2758,CPCT02180012T
2759,CPCT02180014T
2760,CPCT02180020T
2761,CPCT02180022T
2762,CPCT02180023T
2763,CPCT02180025T
2764,CPCT02180028T
2765,CPCT02180029T
2766,CPCT02180030T
2767,CPCT02180031T
2768,CPCT02180033T
2769,CPCT02180038T
2770,CPCT02180041T
2771,CPCT02180042T
2772,CPCT02180045T
2773,CPCT02180048T
2774,CPCT02180049T
2775,CPCT02180050T
2776,CPCT02180051T
2777,CPCT02180052T
2778,CPCT02180053T
2779,CPCT02180054T
2780,CPCT02180055T
2781,CPCT02180057T
2782,CPCT02180064T
2783,CPCT02180067T
2784,CPCT02180070T
2785,CPCT02180072T
2786,CPCT02180076T
2787,CPCT02180077T
2788,CPCT02180078T
2789,CPCT02190001T
2790,CPCT02190002T
2791,CPCT02190003T
2792,CPCT02190004T
2793,CPCT02190006T
2794,CPCT02190007T
2795,CPCT02190009T
2796,CPCT02190014T
2797,CPCT02190017T
2798,CPCT02190019T
2799,CPCT02190020T
2800,CPCT02190023T
2801,CPCT02190024T
2802,CPCT02190026T
2803,CPCT02190027T
2804,CPCT02190029T
2805,CPCT02190030T
2806,CPCT02190031T
2807,CPCT02190033T
2808,CPCT02190037T
2809,CPCT02190039T
2810,CPCT02190040T
2811,CPCT02190041T
2812,CPCT02190043T
2813,CPCT02190044T
2814,CPCT02190045T
2815,CPCT02190047T
2816,CPCT02190049T
2817,CPCT02190050T
2818,CPCT02190051T
2819,CPCT02190052T
2820,CPCT02190054T
2821,CPCT02190055T
2822,CPCT02200005T
2823,CPCT02200006T
2824,CPCT02200007T
2825,CPCT02200008T
2826,CPCT02200009T
2827,CPCT02210001T
2828,CPCT02210003T
2829,CPCT02210004T
2830,CPCT02210007T
2831,CPCT02210008T
2832,CPCT02210009T
2833,CPCT02210010T
2834,CPCT02210011T
2835,CPCT02210012T
2836,CPCT02210014T
2837,CPCT02210016T
2838,CPCT02210017T
2839,CPCT02210018T
2840,CPCT02210020T
2841,CPCT02210023T
2842,CPCT02210024T
2843,CPCT02210025T
2844,CPCT02210026T
2845,CPCT02210027T
2846,CPCT02210028T
2847,CPCT02210029T
2848,CPCT02210031T
2849,CPCT02210033T
2850,CPCT02210034T
2851,CPCT02210035T
2852,CPCT02210036T
2853,CPCT02210037T
2854,CPCT02210039T
2855,CPCT02210040T
2856,CPCT02210041T
2857,CPCT02210043T
2858,CPCT02210044T
2859,CPCT02210045T
2860,CPCT02210046T
2861,CPCT02210048T
2862,CPCT02210049T
2863,CPCT02210050T
2864,CPCT02210051T
2865,CPCT02210053T
2866,CPCT02210054T
2867,CPCT02210056T
2868,CPCT02210059T
2869,CPCT02210064T
2870,CPCT02210065T
2871,CPCT02210066T
2872,CPCT02210067T
2873,CPCT02210068T
2874,CPCT02210069T
2875,CPCT02210070T
2876,CPCT02210071T
2877,CPCT02210073T
2878,CPCT02210074T
2879,CPCT02210075T
2880,CPCT02210076T
2881,CPCT02210077T
2882,CPCT02210082T
2883,CPCT02210083T
2884,CPCT02210085T
2885,CPCT02220001T
2886,CPCT02220002T
2887,CPCT02220005T
2888,CPCT02220006T
2889,CPCT02220007T
2890,CPCT02220008T
2891,CPCT02220009T
2892,CPCT02220014T
2893,CPCT02220015T
2894,CPCT02220019T
2895,CPCT02220020T
2896,CPCT02220022T
2897,CPCT02220023T
2898,CPCT02220024T
2899,CPCT02220025T
2900,CPCT02220026T
2901,CPCT02220027T
2902,CPCT02220029T
2903,CPCT02220030T
2904,CPCT02220031T
2905,CPCT02220036T
2906,CPCT02220037T
2907,CPCT02220041T
2908,CPCT02220044T
2909,CPCT02220045T
2910,CPCT02220047T
2911,CPCT02220050T
2912,CPCT02220053T
2913,CPCT02220054T
2914,CPCT02220056T
2915,CPCT02220057T
2916,CPCT02220059T
2917,CPCT02220060T
2918,CPCT02220061T
2919,CPCT02220063T
2920,CPCT02220064T
2921,CPCT02220067T
2922,CPCT02220069T
2923,CPCT02220071T
2924,CPCT02220075T
2925,CPCT02220076T
2926,CPCT02220077T
2927,CPCT02220078T
2928,CPCT02220079T
2929,CPCT02220081T
2930,CPCT02220082T
2931,CPCT02230001T
2932,CPCT02230002T
2933,CPCT02230003T
2934,CPCT02230004T
2935,CPCT02230005T
2936,CPCT02230006T
2937,CPCT02230011T
2938,CPCT02230012T
2939,CPCT02230014T
2940,CPCT02230015T
2941,CPCT02230016T
2942,CPCT02230021T
2943,CPCT02230022T
2944,CPCT02230023T
2945,CPCT02230024T
2946,CPCT02230025T
2947,CPCT02230027T
2948,CPCT02230028T
2949,CPCT02230029T
2950,CPCT02230030T
2951,CPCT02230032T
2952,CPCT02230033T
2953,CPCT02230034T
2954,CPCT02230035T
2955,CPCT02230036T
2956,CPCT02230039T
2957,CPCT02230042T
2958,CPCT02230044T
2959,CPCT02230045T
2960,CPCT02230047T
2961,CPCT02230050T
2962,CPCT02230052T
2963,CPCT02230053T
2964,CPCT02230055T
2965,CPCT02230056T
2966,CPCT02230057T
2967,CPCT02230058T
2968,CPCT02230059T
2969,CPCT02230060T
2970,CPCT02230067T
2971,CPCT02230068T
2972,CPCT02230070T
2973,CPCT02230071T
2974,CPCT02230073T
2975,CPCT02230074T
2976,CPCT02230075T
2977,CPCT02230077T
2978,CPCT02230078T
2979,CPCT02230079T
2980,CPCT02230080T
2981,CPCT02230082T
2982,CPCT02230085T
2983,CPCT02230086T
2984,CPCT02230087T
2985,CPCT02230089T
2986,CPCT02230090T
2987,CPCT02230091T
2988,CPCT02230095T
2989,CPCT02230096T
2990,CPCT02230097T
2991,CPCT02230098T
2992,CPCT02230099T
2993,CPCT02230100T
2994,CPCT02230101T
2995,CPCT02230102T
2996,CPCT02230106T
2997,CPCT02230107T
2998,CPCT02230108T
2999,CPCT02230110T
3000,CPCT02230111T
3001,CPCT02230113T
3002,CPCT02230117T
3003,CPCT02230118T
3004,CPCT02230120T
3005,CPCT02230120TII
3006,CPCT02230124T
3007,CPCT02230125T
3008,CPCT02230126T
3009,CPCT02230128T
3010,CPCT02230130T
3011,CPCT02240001T
3012,CPCT02240003T
3013,CPCT02240005T
3014,CPCT02240007T
3015,CPCT02240007TII
3016,CPCT02240008T
3017,CPCT02240009T
3018,CPCT02240010T
3019,CPCT02240011T
3020,CPCT02240012T
3021,CPCT02240013T
3022,CPCT02250001T
3023,CPCT02250002T
3024,CPCT02250004T
3025,CPCT02250005T
3026,CPCT02250006T
3027,CPCT02250007T
3028,CPCT02250009T
3029,CPCT02250010T
3030,CPCT02250011T
3031,CPCT02260001T
3032,CPCT02260007T
3033,CPCT02260008T
3034,CPCT02260012T
3035,CPCT02260015T
3036,CPCT02260016T
3037,CPCT02260017T
3038,CPCT02260021T
3039,CPCT02260028T
3040,CPCT02260029T
3041,CPCT02270001T
3042,CPCT02270003T
3043,CPCT02270006T
3044,CPCT02270007T
3045,CPCT02270008T
3046,CPCT02270009T
3047,CPCT02270018T
3048,CPCT02270021T
3049,CPCT02270022T
3050,CPCT02270023T
3051,CPCT02270026T
3052,CPCT02270028T
3053,CPCT02270029T
3054,CPCT02270030T
3055,CPCT02270031T
3056,CPCT02270034T
3057,CPCT02270035T
3058,CPCT02270036T
3059,CPCT02270041T
3060,CPCT02270043T
3061,CPCT02270045T
3062,CPCT02270046T
3063,CPCT02270049T
3064,CPCT02290001T
3065,CPCT02290003T
3066,CPCT02290006T
3067,CPCT02290008T
3068,CPCT02290010T
3069,CPCT02290011T
3070,CPCT02290016T
3071,CPCT02290017T
3072,CPCT02290018T
3073,CPCT02290020T
3074,CPCT02290023T
3075,CPCT02290024T
3076,CPCT02290028T
3077,CPCT02290030T
3078,CPCT02290031T
3079,CPCT02290032T
3080,CPCT02290033T
3081,CPCT02290035T
3082,CPCT02290036T
3083,CPCT02290037T
3084,CPCT02290038T
3085,CPCT02290040T
3086,CPCT02290044T
3087,CPCT02290045T
3088,CPCT02290046T
3089,CPCT02290048T
3090,CPCT02290049T
3091,CPCT02290050T
3092,CPCT02290051T
3093,CPCT02290052T
3094,CPCT02290053T
3095,CPCT02290056T
3096,CPCT02290057T
3097,CPCT02290061T
3098,CPCT02300001T
3099,CPCT02300002T
3100,CPCT02300005T
3101,CPCT02300008T
3102,CPCT02300009T
3103,CPCT02300010T
3104,CPCT02300011T
3105,CPCT02300014T
3106,CPCT02300015T
3107,CPCT02300016T
3108,CPCT02300017T
3109,CPCT02300018T
3110,CPCT02300019T
3111,CPCT02300021T
3112,CPCT02300026T
3113,CPCT02300027T
3114,CPCT02300028T
3115,CPCT02300029T
3116,CPCT02300031T
3117,CPCT02300032T
3118,CPCT02300033T
3119,CPCT02300034T
3120,CPCT02300039T
3121,CPCT02300040T
3122,CPCT02300043T
3123,CPCT02300046T
3124,CPCT02300048T
3125,CPCT02300049T
3126,CPCT02300050T
3127,CPCT02300052T
3128,CPCT02310002T
3129,CPCT02310003T
3130,CPCT02310004T
3131,CPCT02310005T
3132,CPCT02310006T
3133,CPCT02310007T
3134,CPCT02310008T
3135,CPCT02310011T
3136,CPCT02310013T
3137,CPCT02310016T
3138,CPCT02310018T
3139,CPCT02310019T
3140,CPCT02310021T
3141,CPCT02310022T
3142,CPCT02320001T
3143,CPCT02320002T
3144,CPCT02320003T
3145,CPCT02320005T
3146,CPCT02320007T
3147,CPCT02320008T
3148,CPCT02320009T
3149,CPCT02320010T
3150,CPCT02320011T
3151,CPCT02330006T
3152,CPCT02330007T
3153,CPCT02330009T
3154,CPCT02330014T
3155,CPCT02330015T
3156,CPCT02330017T
3157,CPCT02330021T
3158,CPCT02330023T
3159,CPCT02330024T
3160,CPCT02330025T
3161,CPCT02330027T
3162,CPCT02330029T
3163,CPCT02330032T
3164,CPCT02330033T
3165,CPCT02330034T
3166,CPCT02330035T
3167,CPCT02330036T
3168,CPCT02330037T
3169,CPCT02330042T
3170,CPCT02330043T
3171,CPCT02330044T
3172,CPCT02330045T
3173,CPCT02330046T
3174,CPCT02330047T
3175,CPCT02330049T
3176,CPCT02330051T
3177,CPCT02330052T
3178,CPCT02330053T
3179,CPCT02330055T
3180,CPCT02330058T
3181,CPCT02330061T
3182,CPCT02330063T
3183,CPCT02330066T
3184,CPCT02330067T
3185,CPCT02330070T
3186,CPCT02330071T
3187,CPCT02330072T
3188,CPCT02330072TII
3189,CPCT02330073T
3190,CPCT02330075T
3191,CPCT02330076T
3192,CPCT02330078T
3193,CPCT02330080T
3194,CPCT02330082T
3195,CPCT02330084T
3196,CPCT02330085T
3197,CPCT02330089T
3198,CPCT02330092T
3199,CPCT02330094T
3200,CPCT02330095T
3201,CPCT02330098T
3202,CPCT02330099T
3203,CPCT02330100T
3204,CPCT02330102T
3205,CPCT02330103T
3206,CPCT02330104T
3207,CPCT02330111T
3208,CPCT02330112T
3209,CPCT02330122T
3210,CPCT02330123T
3211,CPCT02330124T
3212,CPCT02330125T
3213,CPCT02330128T
3214,CPCT02330129T
3215,CPCT02330130T
3216,CPCT02330131T
3217,CPCT02330132T
3218,CPCT02330133T
3219,CPCT02330135T
3220,CPCT02330138T
3221,CPCT02330139T
3222,CPCT02340001T
3223,CPCT02340006T
3224,CPCT02340011T
3225,CPCT02340012T
3226,CPCT02340014T
3227,CPCT02340017T
3228,CPCT02340018T
3229,CPCT02340018TII
3230,CPCT02340019T
3231,CPCT02340020T
3232,CPCT02340022T
3233,CPCT02340024T
3234,CPCT02340025T
3235,CPCT02340026T
3236,CPCT02340029T
3237,CPCT02340032T
3238,CPCT02340034T
3239,CPCT02340036T
3240,CPCT02340037T
3241,CPCT02340038T
3242,CPCT02340040T
3243,CPCT02340041T
3244,CPCT02340042T
3245,CPCT02340045T
3246,CPCT02340046T
3247,CPCT02340047T
3248,CPCT02340048T
3249,CPCT02340049T
3250,CPCT02340055T
3251,CPCT02340056T
3252,CPCT02340057T
3253,CPCT02340058T
3254,CPCT02340060T
3255,CPCT02340064T
3256,CPCT02340066T
3257,CPCT02340066TII
3258,CPCT02340066TIII
3259,CPCT02340066TIV
3260,CPCT02340067T
3261,CPCT02340068T
3262,CPCT02340070T
3263,CPCT02340071T
3264,CPCT02340073T
3265,CPCT02340074T
3266,CPCT02340077T
3267,CPCT02340078T
3268,CPCT02340080T
3269,CPCT02340083T
3270,CPCT02340086T
3271,CPCT02340095T
3272,CPCT02340097T
3273,CPCT02340098T
3274,CPCT02340099T
3275,CPCT02340100T
3276,CPCT02340102T
3277,CPCT02340104T
3278,CPCT02340106T
3279,CPCT02340107T
3280,CPCT02340108T
3281,CPCT02340110T
3282,CPCT02340112T
3283,CPCT02340115T
3284,CPCT02350002T
3285,CPCT02350003T
3286,CPCT02350007T
3287,CPCT02350008T
3288,CPCT02350009T
3289,CPCT02350012T
3290,CPCT02350014T
3291,CPCT02350020T
3292,CPCT02350021T
3293,CPCT02350027T
3294,CPCT02360007T
3295,CPCT02360008T
3296,CPCT02360009T
3297,CPCT02360011T
3298,CPCT02360012T
3299,CPCT02360014T
3300,CPCT02360015T
3301,CPCT02360016T
3302,CPCT02360017T
3303,CPCT02360018T
3304,CPCT02360022T
3305,CPCT02370001T
3306,CPCT02370002T
3307,CPCT02370002TII
3308,CPCT02370003T
3309,CPCT02370004T
3310,CPCT02370005T
3311,CPCT02370006T
3312,CPCT02370008T
3313,CPCT02370010T
3314,CPCT02370012T
3315,CPCT02370013TII
3316,CPCT02370015T
3317,CPCT02370016T
3318,CPCT02370019T
3319,CPCT02370020T
3320,CPCT02370022T
3321,CPCT02370024T
3322,CPCT02370025T
3323,CPCT02370026T
3324,CPCT02370027T
3325,CPCT02370030T
3326,CPCT02370031T
3327,CPCT02370034T
3328,CPCT02370036T
3329,CPCT02370037T
3330,CPCT02380002T
3331,CPCT02380005T
3332,CPCT02380009T
3333,CPCT02380011T
3334,CPCT02380014T
3335,CPCT02380015T
3336,CPCT02380016T
3337,CPCT02380019T
3338,CPCT02380020T
3339,CPCT02380021T
3340,CPCT02380023T
3341,CPCT02380024T
3342,CPCT02380026T
3343,CPCT02380028T
3344,CPCT02380029T
3345,CPCT02380030T
3346,CPCT02380032T
3347,CPCT02380033T
3348,CPCT02380034T
3349,CPCT02380035T
3350,CPCT02380036T
3351,CPCT02380037T
3352,CPCT02380039T
3353,CPCT02380040T
3354,CPCT02380044T
3355,CPCT02380047T
3356,CPCT02380049T
3357,CPCT02380050T
3358,CPCT02380051T
3359,CPCT02380052T
3360,CPCT02380054T
3361,CPCT02390001T
3362,CPCT02390001TII
3363,CPCT02390002T
3364,CPCT02390006T
3365,CPCT02390007T
3366,CPCT02390008T
3367,CPCT02390010T
3368,CPCT02390015T
3369,CPCT02390017T
3370,CPCT02390021T
3371,CPCT02390022T
3372,CPCT02390026T
3373,CPCT02390027T
3374,CPCT02390028T
3375,CPCT02390029T
3376,CPCT02390030T
3377,CPCT02390032T
3378,CPCT02390033T
3379,CPCT02390034T
3380,CPCT02390035T
3381,CPCT02390037T
3382,CPCT02390038T
3383,CPCT02390040T
3384,CPCT02390043T
3385,CPCT02390044T
3386,CPCT02400002T
3387,CPCT02410001T
3388,CPCT02410004T
3389,CPCT02410006T
3390,CPCT02410008T
3391,CPCT02410009T
3392,CPCT02410012T
3393,CPCT02410013T
3394,CPCT02410017T
3395,CPCT02410019T
3396,CPCT02430002T
3397,CPCT02440001T
3398,CPCT02440004T
3399,CPCT02440009T
3400,CPCT02440010T
3401,CPCT02440012T
3402,CPCT02440014T
3403,CPCT02440016T
3404,CPCT02440017T
3405,CPCT02440018T
3406,CPCT02440020T
3407,CPCT02440021T
3408,CPCT02440023T
3409,CPCT02440027T
3410,CPCT02440028T
3411,CPCT02440030T
3412,CPCT02440033T
3413,CPCT02450002T
3414,CPCT02450004T
3415,CPCT02450007T
3416,CPCT02450014T
3417,CPCT02450016T
3418,CPCT02460001T
3419,CPCT02460002T
3420,CPCT02460004T
3421,CPCT02460005T
3422,CPCT02460006T
3423,CPCT02470001T
3424,CPCT02470003T
3425,DRUP01010001T
3426,DRUP01010006T
3427,DRUP01010007T
3428,DRUP01010010T
3429,DRUP01010012T
3430,DRUP01010016T
3431,DRUP01010017T
3432,DRUP01010018T
3433,DRUP01010019T
3434,DRUP01010020T
3435,DRUP01010022T
3436,DRUP01010023T
3437,DRUP01010024T
3438,DRUP01010024TII
3439,DRUP01010025T
3440,DRUP01010034T
3441,DRUP01010035T
3442,DRUP01010036T
3443,DRUP01010037T
3444,DRUP01010038T
3445,DRUP01010040T
3446,DRUP01010041T
3447,DRUP01010044T
3448,DRUP01010047T
3449,DRUP01010047TII
3450,DRUP01010049T
3451,DRUP01010051T
3452,DRUP01010051TII
3453,DRUP01010053T
3454,DRUP01010054T
3455,DRUP01010057T
3456,DRUP01010059T
3457,DRUP01010064T
3458,DRUP01010065T
3459,DRUP01010070T
3460,DRUP01010072T
3461,DRUP01010077T
3462,DRUP01010078T
3463,DRUP01010084T
3464,DRUP01010088T
3465,DRUP01010090T
3466,DRUP01010091T
3467,DRUP01010092T
3468,DRUP01010095T
3469,DRUP01010096T
3470,DRUP01010097T
3471,DRUP01010101T
3472,DRUP01010102T
3473,DRUP01010104T
3474,DRUP01010106T
3475,DRUP01010108T
3476,DRUP01010109T
3477,DRUP01010110T
3478,DRUP01010111T
3479,DRUP01010113T
3480,DRUP01010116T
3481,DRUP01010116TII
3482,DRUP01010119T
3483,DRUP01010121T
3484,DRUP01010122T
3485,DRUP01010142T
3486,DRUP01010148T
3487,DRUP01010149T
3488,DRUP01010167T
3489,DRUP01010211T
3490,DRUP01010230T
3491,DRUP01020002T
3492,DRUP01020004T
3493,DRUP01020006T
3494,DRUP01020018T
3495,DRUP01020022T
3496,DRUP01020026T
3497,DRUP01020027T
3498,DRUP01020033T
3499,DRUP01020034T
3500,DRUP01020037T
3501,DRUP01020043T
3502,DRUP01020053T
3503,DRUP01030002T
3504,DRUP01030004T
3505,DRUP01030012T
3506,DRUP01030013T
3507,DRUP01030018T
3508,DRUP01030024T
3509,DRUP01030026T
3510,DRUP01030028T
3511,DRUP01040009T
3512,DRUP01040010T
3513,DRUP01050001T
3514,DRUP01050002T
3515,DRUP01050003T
3516,DRUP01050008T
3517,DRUP01050009T
3518,DRUP01050010T
3519,DRUP01050012T
3520,DRUP01050016T
3521,DRUP01050018T
3522,DRUP01050019T
3523,DRUP01050020T
3524,DRUP01050021T
3525,DRUP01050023T
3526,DRUP01050025T
3527,DRUP01050026T
3528,DRUP01050028T
3529,DRUP01050029T
3530,DRUP01050030T
3531,DRUP01050031T
3532,DRUP01050033T
3533,DRUP01050038T
3534,DRUP01050040T
3535,DRUP01050040TII
3536,DRUP01050048T
3537,DRUP01050049T
3538,DRUP01060002T
3539,DRUP01060007T
3540,DRUP01060008T
3541,DRUP01060010T
3542,DRUP01060011T
3543,DRUP01060014T
3544,DRUP01060016T
3545,DRUP01060020T
3546,DRUP01060025T
3547,DRUP01060026T
3548,DRUP01060027T
3549,DRUP01070001T
3550,DRUP01070003T
3551,DRUP01070005T
3552,DRUP01070006T
3553,DRUP01070008T
3554,DRUP01070009T
3555,DRUP01070010T
3556,DRUP01070015T
3557,DRUP01070016T
3558,DRUP01070017T
3559,DRUP01070020T
3560,DRUP01070020TII
3561,DRUP01070022T
3562,DRUP01070024T
3563,DRUP01070026T
3564,DRUP01070026TII
3565,DRUP01070028T
3566,DRUP01070028TII
3567,DRUP01070029T
3568,DRUP01070030T
3569,DRUP01070031T
3570,DRUP01070036T
3571,DRUP01070038T
3572,DRUP01070042T
3573,DRUP01070046T
3574,DRUP01070048T
3575,DRUP01070051T
3576,DRUP01070052T
3577,DRUP01070053T
3578,DRUP01070055T
3579,DRUP01070057T
3580,DRUP01070059T
3581,DRUP01070063T
3582,DRUP01070071T
3583,DRUP01070080T
3584,DRUP01070085T
3585,DRUP01070119T
3586,DRUP01080004T
3587,DRUP01080008T
3588,DRUP01080009T
3589,DRUP01080012T
3590,DRUP01080014T
3591,DRUP01080024T
3592,DRUP01080025T
3593,DRUP01080031T
3594,DRUP01090001T
3595,DRUP01090003T
3596,DRUP01090004T
3597,DRUP01090005T
3598,DRUP01090008T
3599,DRUP01090009T
3600,DRUP01090011T
3601,DRUP01090012T
3602,DRUP01090014T
3603,DRUP01090017T
3604,DRUP01090022T
3605,DRUP01090023T
3606,DRUP01090026T
3607,DRUP01100003T
3608,DRUP01100007T
3609,DRUP01110002T
3610,DRUP01110005T
3611,DRUP01110007T
3612,DRUP01120001T
3613,DRUP01120002T
3614,DRUP01140001T
3615,DRUP01140002T
3616,DRUP01140003T
3617,DRUP01140005T
3618,DRUP01160001T
3619,DRUP01170001T
3620,DRUP01170003T
3621,DRUP01180001T
3622,DRUP01190001T
3623,DRUP01210002T
3624,DRUP01210003T
3625,DRUP01210004T
3626,DRUP01210005T
3627,DRUP01210006T
3628,DRUP01220001T
3629,DRUP01220002T
3630,DRUP01220003T
3631,DRUP01220005T
3632,DRUP01220006T
3633,DRUP01230004T
3634,DRUP01230005T
3635,DRUP01270001T
3636,DRUP01270003T
3637,DRUP01270004T
3638,DRUP01270007T
3639,DRUP01330002T
3640,DRUP01330005T
3641,DRUP01330008T
3642,DRUP01330013T
3643,DRUP01330020T
3644,DRUP01340001T
3645,DRUP01340002T
3646,DRUP01340003T
3647,DRUP01340004T
3648,DRUP01340006T
3649,DRUP01340010T
3650,DRUP01340013T
3651,DRUP01340014T
3652,DRUP01340015T
3653,DRUP01340016T
3654,DRUP01340017T
3655,DRUP01440001T
3656,WIDE01010001T
3657,WIDE01010002T
3658,WIDE01010003T
3659,WIDE01010005T
3660,WIDE01010006T
3661,WIDE01010009T
3662,WIDE01010011T
3663,WIDE01010012T
3664,WIDE01010016T
3665,WIDE01010017T
3666,WIDE01010018T
3667,WIDE01010019T
3668,WIDE01010025T
3669,WIDE01010026T
3670,WIDE01010027T
3671,WIDE01010028T
3672,WIDE01010031T
3673,WIDE01010034T
3674,WIDE01010035T
3675,WIDE01010037T
3676,WIDE01010038T
3677,WIDE01010040T
3678,WIDE01010041T
3679,WIDE01010043T
3680,WIDE01010048T
3681,WIDE01010051T
3682,WIDE01010056T
3683,WIDE01010057T
3684,WIDE01010058T
3685,WIDE01010059T
3686,WIDE01010060T
3687,WIDE01010063T
3688,WIDE01010064T
3689,WIDE01010065T
3690,WIDE01010067T
3691,WIDE01010068T
3692,WIDE01010069T
3693,WIDE01010071T
3694,WIDE01010072T
3695,WIDE01010073T
3696,WIDE01010074T
3697,WIDE01010075T
3698,WIDE01010076T
3699,WIDE01010077T
3700,WIDE01010078T
3701,WIDE01010079T
3702,WIDE01010081T
3703,WIDE01010081TII
3704,WIDE01010082T
3705,WIDE01010083T
3706,WIDE01010088T
3707,WIDE01010089T
3708,WIDE01010090T
3709,WIDE01010091T
3710,WIDE01010093TII
3711,WIDE01010096T
3712,WIDE01010097T
3713,WIDE01010099T
3714,WIDE01010100T
3715,WIDE01010103T
3716,WIDE01010104T
3717,WIDE01010105T
3718,WIDE01010111T
3719,WIDE01010113T
3720,WIDE01010115T
3721,WIDE01010117T
3722,WIDE01010121T
3723,WIDE01010122T
3724,WIDE01010123T
3725,WIDE01010124T
3726,WIDE01010128T
3727,WIDE01010130T
3728,WIDE01010130TII
3729,WIDE01010131T
3730,WIDE01010134T
3731,WIDE01010135T
3732,WIDE01010138T
3733,WIDE01010139T
3734,WIDE01010140T
3735,WIDE01010142T
3736,WIDE01010146T
3737,WIDE01010148T
3738,WIDE01010151T
3739,WIDE01010154T
3740,WIDE01010156T
3741,WIDE01010159T
3742,WIDE01010160T
3743,WIDE01010162T
3744,WIDE01010166T
3745,WIDE01010167T
3746,WIDE01010168T
3747,WIDE01010169T
3748,WIDE01010171T
3749,WIDE01010172T
3750,WIDE01010173T
3751,WIDE01010174T
3752,WIDE01010175T
3753,WIDE01010176T
3754,WIDE01010177T
3755,WIDE01010179T
3756,WIDE01010183T
3757,WIDE01010185T
3758,WIDE01010187T
3759,WIDE01010188T
3760,WIDE01010189T
3761,WIDE01010190T
3762,WIDE01010191T
3763,WIDE01010192T
3764,WIDE01010193T
3765,WIDE01010194T
3766,WIDE01010196T
3767,WIDE01010200T
3768,WIDE01010202T
3769,WIDE01010205T
3770,WIDE01010206T
3771,WIDE01010207T
3772,WIDE01010208T
3773,WIDE01010210T
3774,WIDE01010212T
3775,WIDE01010213T
3776,WIDE01010214T
3777,WIDE01010215T
3778,WIDE01010216T
3779,WIDE01010217T
3780,WIDE01010218T
3781,WIDE01010224T
3782,WIDE01010225T
3783,WIDE01010226T
3784,WIDE01010227T
3785,WIDE01010228T
3786,WIDE01010230T
3787,WIDE01010231T
3788,WIDE01010232T
3789,WIDE01010233T
3790,WIDE01010234T
3791,WIDE01010235T
3792,WIDE01010236T
3793,WIDE01010238TII
3794,WIDE01010239T
3795,WIDE01010240T
3796,WIDE01010241T
3797,WIDE01010242T
3798,WIDE01010243T
3799,WIDE01010246T
3800,WIDE01010247T
3801,WIDE01010248T
3802,WIDE01010249T
3803,WIDE01010251T
3804,WIDE01010252T
3805,WIDE01010253T
3806,WIDE01010255T
3807,WIDE01010256T
3808,WIDE01010258T
3809,WIDE01010260T
3810,WIDE01010261T
3811,WIDE01010262T
3812,WIDE01010263T
3813,WIDE01010264T
3814,WIDE01010267T
3815,WIDE01010268T
3816,WIDE01010269T
3817,WIDE01010270T
3818,WIDE01010272T
3819,WIDE01010273T
3820,WIDE01010274T
3821,WIDE01010276T
3822,WIDE01010277T
3823,WIDE01010280T
3824,WIDE01010283T
3825,WIDE01010287T
3826,WIDE01010288T
3827,WIDE01010292T
3828,WIDE01010293T
3829,WIDE01010296T
3830,WIDE01010299T
3831,WIDE01010300T
3832,WIDE01010301T
3833,WIDE01010303T
3834,WIDE01010305T
3835,WIDE01010306T
3836,WIDE01010307T
3837,WIDE01010308T
3838,WIDE01010310T
3839,WIDE01010311T
3840,WIDE01010313T
3841,WIDE01010313TII
3842,WIDE01010314T
3843,WIDE01010315T
3844,WIDE01010316T
3845,WIDE01010316TII
3846,WIDE01010319T
3847,WIDE01010322T
3848,WIDE01010323T
3849,WIDE01010324T
3850,WIDE01010326T
3851,WIDE01010327T
3852,WIDE01010328T
3853,WIDE01010330T
3854,WIDE01010332T
3855,WIDE01010333T
3856,WIDE01010334T
3857,WIDE01010335T
3858,WIDE01010338T
3859,WIDE01010339T
3860,WIDE01010341T
3861,WIDE01010342T
3862,WIDE01010343T
3863,WIDE01010346T
3864,WIDE01010349T
3865,WIDE01010352T
3866,WIDE01010353T
3867,WIDE01010355T
3868,WIDE01010356T
3869,WIDE01010359T
3870,WIDE01010363T
3871,WIDE01010366T
3872,WIDE01010368T
3873,WIDE01010370T
3874,WIDE01010371T
3875,WIDE01010372T
3876,WIDE01010374T
3877,WIDE01010375T
3878,WIDE01010376T
3879,WIDE01010379T
3880,WIDE01010381T
3881,WIDE01010383T
3882,WIDE01010384T
3883,WIDE01010385T
3884,WIDE01010388T
3885,WIDE01010389T
3886,WIDE01010390T
3887,WIDE01010392T
3888,WIDE01010393T
3889,WIDE01010395T
3890,WIDE01010397T
3891,WIDE01010398T
3892,WIDE01010399T
3893,WIDE01010400T
3894,WIDE01010402TII
3895,WIDE01010403T
3896,WIDE01010404T
3897,WIDE01010405T
3898,WIDE01010406T
3899,WIDE01010407T
3900,WIDE01010410T
3901,WIDE01010412T
3902,WIDE01010414T
3903,WIDE01010416T
3904,WIDE01010417T
3905,WIDE01010418T
3906,WIDE01010419T
3907,WIDE01010420T
3908,WIDE01010421T
3909,WIDE01010422T
3910,WIDE01010425T
3911,WIDE01010426T
3912,WIDE01010427T
3913,WIDE01010428T
3914,WIDE01010429T
3915,WIDE01010432T
3916,WIDE01010434T
3917,WIDE01010436T
3918,WIDE01010439T
3919,WIDE01010440T
3920,WIDE01010441T
3921,WIDE01010442T
3922,WIDE01010443T
3923,WIDE01010446T
3924,WIDE01010447T
3925,WIDE01010448T
3926,WIDE01010449T
3927,WIDE01010450T
3928,WIDE01010451T
3929,WIDE01010452T
3930,WIDE01010453T
3931,WIDE01010454T
3932,WIDE01010455T
3933,WIDE01010456T
3934,WIDE01010457T
3935,WIDE01010459T
3936,WIDE01010460T
3937,WIDE01010461T
3938,WIDE01010465T
3939,WIDE01010467T
3940,WIDE01010468T
3941,WIDE01010470T
3942,WIDE01010471T
3943,WIDE01010472T
3944,WIDE01010473T
3945,WIDE01010474T
3946,WIDE01010478T
3947,WIDE01010479T
3948,WIDE01010480T
3949,WIDE01010481T
3950,WIDE01010482T
3951,WIDE01010484T
3952,WIDE01010486T
3953,WIDE01010487T
3954,WIDE01010488T
3955,WIDE01010489T
3956,WIDE01010491T
3957,WIDE01010492T
3958,WIDE01010493T
3959,WIDE01010494T
3960,WIDE01010495T
3961,WIDE01010496T
3962,WIDE01010497T
3963,WIDE01010499T
3964,WIDE01010500T
3965,WIDE01010501T
3966,WIDE01010502TII
3967,WIDE01010503T
3968,WIDE01010504T
3969,WIDE01010506T
3970,WIDE01010508T
3971,WIDE01010513T
3972,WIDE01010517T
3973,WIDE01010518T
3974,WIDE01010519T
3975,WIDE01010520T
3976,WIDE01010521T
3977,WIDE01010522T
3978,WIDE01010523T
3979,WIDE01010524T
3980,WIDE01010527T
3981,WIDE01010528T
3982,WIDE01010534T
3983,WIDE01010535T
3984,WIDE01010536T
3985,WIDE01010537T
3986,WIDE01010539T
3987,WIDE01010540T
3988,WIDE01010541T
3989,WIDE01010543T
3990,WIDE01010544T
3991,WIDE01010547T
3992,WIDE01010548T
3993,WIDE01010549T
3994,WIDE01010550T
3995,WIDE01010554T
3996,WIDE01010556T
3997,WIDE01010557T
3998,WIDE01010558T
3999,WIDE01010561T
4000,WIDE01010562T
4001,WIDE01010564T
4002,WIDE01010565T
4003,WIDE01010568T
4004,WIDE01010569T
4005,WIDE01010570T
4006,WIDE01010571T
4007,WIDE01010573T
4008,WIDE01010574T
4009,WIDE01010575T
4010,WIDE01010581T
4011,WIDE01010583T
4012,WIDE01010584T
4013,WIDE01010585T
4014,WIDE01010589T
4015,WIDE01010590T
4016,WIDE01010591T
4017,WIDE01010593T
4018,WIDE01010594T
4019,WIDE01010596T
4020,WIDE01010597T
4021,WIDE01010598T
4022,WIDE01010600T
4023,WIDE01010606T
4024,WIDE01010609T
4025,WIDE01010610T
4026,WIDE01010611T
4027,WIDE01010613T
4028,WIDE01010615T
4029,WIDE01010618T
4030,WIDE01010619T
4031,WIDE01010621T
4032,WIDE01010625T
4033,WIDE01010626T
4034,WIDE01010628T
4035,WIDE01010630T
4036,WIDE01010639T
4037,WIDE01010642T
4038,WIDE01010643T
4039,WIDE01010644T
4040,WIDE01010646T
4041,WIDE01010647T
4042,WIDE01010648T
4043,WIDE01010649T
4044,WIDE01010650T
4045,WIDE01010651T
4046,WIDE01010656T
4047,WIDE01010657T
4048,WIDE01010659T
4049,WIDE01010661T
4050,WIDE01010663T
4051,WIDE01010666T
4052,WIDE01010667T
4053,WIDE01010668T
4054,WIDE01010669T
4055,WIDE01010670T
4056,WIDE01010671T
4057,WIDE01010675T
4058,WIDE01010675TII
4059,WIDE01010676T
4060,WIDE01010677T
4061,WIDE01010678T
4062,WIDE01010679T
4063,WIDE01010682T
4064,WIDE01010682TII
4065,WIDE01010683T
4066,WIDE01010685T
4067,WIDE01010689T
4068,WIDE01010691T
4069,WIDE01010693T
4070,WIDE01010696T
4071,WIDE01010697T
4072,WIDE01010698T
4073,WIDE01010699T
4074,WIDE01010701T
4075,WIDE01010702T
4076,WIDE01010703T
4077,WIDE01010704T
4078,WIDE01010705T
4079,WIDE01010708T
4080,WIDE01010709T
4081,WIDE01010710T
4082,WIDE01010711T
4083,WIDE01010712T
4084,WIDE01010714T
4085,WIDE01010715T
4086,WIDE01010718T
4087,WIDE01010720T
4088,WIDE01010721T
4089,WIDE01010723T
4090,WIDE01010724T
4091,WIDE01010725T
4092,WIDE01010727T
4093,WIDE01010728T
4094,WIDE01010729T
4095,WIDE01010731T
4096,WIDE01010733T
4097,WIDE01010736T
4098,WIDE01010737T
4099,WIDE01010738T
4100,WIDE01010739T
4101,WIDE01010740T
4102,WIDE01010743T
4103,WIDE01010744T
4104,WIDE01010746T
4105,WIDE01010747T
4106,WIDE01010750T
4107,WIDE01010752T
4108,WIDE01010753T
4109,WIDE01010754T
4110,WIDE01010755T
4111,WIDE01010756T
4112,WIDE01010757T
4113,WIDE01010759T
4114,WIDE01010760T
4115,WIDE01010761T
4116,WIDE01010762T
4117,WIDE01010764T
4118,WIDE01010767T
4119,WIDE01010767TII
4120,WIDE01010768T
4121,WIDE01010770T
4122,WIDE01010771T
4123,WIDE01010773T
4124,WIDE01010774T
4125,WIDE01010775T
4126,WIDE01010776T
4127,WIDE01010778T
4128,WIDE01010780T
4129,WIDE01010781T
4130,WIDE01010782T
4131,WIDE01010783T
4132,WIDE01010785T
4133,WIDE01010787T
4134,WIDE01010789T
4135,WIDE01010790T
4136,WIDE01010791T
4137,WIDE01010792T
4138,WIDE01010793T
4139,WIDE01010794T
4140,WIDE01010797T
4141,WIDE01010798T
4142,WIDE01010802T
4143,WIDE01010803T
4144,WIDE01010806T
4145,WIDE01010810T
4146,WIDE01010811T
4147,WIDE01010812T
4148,WIDE01010813T
4149,WIDE01010814T
4150,WIDE01010815T
4151,WIDE01010816T
4152,WIDE01010817T
4153,WIDE01010819T
4154,WIDE01010820T
4155,WIDE01010822T
4156,WIDE01010827T
4157,WIDE01010828T
4158,WIDE01010829T
4159,WIDE01010830T
4160,WIDE01010831T
4161,WIDE01010833T
4162,WIDE01010834T
4163,WIDE01010835T
4164,WIDE01010837T
4165,WIDE01010838T
4166,WIDE01010840T
4167,WIDE01010841T
4168,WIDE01010843T
4169,WIDE01010846T
4170,WIDE01010847T
4171,WIDE01010850T
4172,WIDE01010851T
4173,WIDE01010852T
4174,WIDE01010853T
4175,WIDE01010854T
4176,WIDE01010859T
4177,WIDE01010860T
4178,WIDE01010861T
4179,WIDE01010862T
4180,WIDE01010864T
4181,WIDE01010866T
4182,WIDE01010867T
4183,WIDE01010868T
4184,WIDE01010869T
4185,WIDE01010871T
4186,WIDE01010873T
4187,WIDE01010874T
4188,WIDE01010877T
4189,WIDE01010879T
4190,WIDE01010880T
4191,WIDE01010881T
4192,WIDE01010883T
4193,WIDE01010885T
4194,WIDE01010886T
4195,WIDE01010887T
4196,WIDE01010890T
4197,WIDE01010891T
4198,WIDE01010892T
4199,WIDE01010893T
4200,WIDE01010894T
4201,WIDE01010895T
4202,WIDE01010896T
4203,WIDE01010898T
4204,WIDE01010899T
4205,WIDE01010900T
4206,WIDE01010902TII
4207,WIDE01010904T
4208,WIDE01010907T
4209,WIDE01010908T
4210,WIDE01010909T
4211,WIDE01010910T
4212,WIDE01010911T
4213,WIDE01010912T
4214,WIDE01010913T
4215,WIDE01010914T
4216,WIDE01010915T
4217,WIDE01010916T
4218,WIDE01010917T
4219,WIDE01010919T
4220,WIDE01010920T
4221,WIDE01010921T
4222,WIDE01010922T
4223,WIDE01010923T
4224,WIDE01010925T
4225,WIDE01010927T
4226,WIDE01010928TII
4227,WIDE01010929T
4228,WIDE01010930T
4229,WIDE01010931T
4230,WIDE01010932T
4231,WIDE01010933T
4232,WIDE01010934T
4233,WIDE01010935T
4234,WIDE01010937T
4235,WIDE01010941T
4236,WIDE01010942T
4237,WIDE01010944T
4238,WIDE01010946T
4239,WIDE01010950T
4240,WIDE01010951T
4241,WIDE01010952T
4242,WIDE01010953T
4243,WIDE01010954T
4244,WIDE01010955T
4245,WIDE01010956T
4246,WIDE01010957T
4247,WIDE01010958T
4248,WIDE01010959T
4249,WIDE01010962T
4250,WIDE01010963T
4251,WIDE01010965T
4252,WIDE01010966T
4253,WIDE01010967T
4254,WIDE01010968T
4255,WIDE01010969T
4256,WIDE01010970T
4257,WIDE01010971T
4258,WIDE01010972T
4259,WIDE01010974T
4260,WIDE01010975T
4261,WIDE01010976T
4262,WIDE01010977T
4263,WIDE01010978T
4264,WIDE01010979T
4265,WIDE01010980T
4266,WIDE01010981T
4267,WIDE01010983T
4268,WIDE01010984T
4269,WIDE01010986T
4270,WIDE01010987T
4271,WIDE01010988T
4272,WIDE01010991T
4273,WIDE01010993T
4274,WIDE01010994T
4275,WIDE01010996T
4276,WIDE01011000T
4277,WIDE01011003T
4278,WIDE01011005T
4279,WIDE01011006T
4280,WIDE01011008T
4281,WIDE01011009T
4282,WIDE01011010T
4283,WIDE01011011T
4284,WIDE01011012T
4285,WIDE01011013T
4286,WIDE01011014T
4287,WIDE01011015T
4288,WIDE01011021T
4289,WIDE01011024T
4290,WIDE01011025T
4291,WIDE01011027T
4292,WIDE01011028T
4293,WIDE01011029T
4294,WIDE01011030T
4295,WIDE01011031T
4296,WIDE01011032T
4297,WIDE01011034T
4298,WIDE01011035T
4299,WIDE01011038T
4300,WIDE01011042T
4301,WIDE01011043T
4302,WIDE01011046T
4303,WIDE01011047T
4304,WIDE01011048T
4305,WIDE01011050T
4306,WIDE01011051T
4307,WIDE01011053T
4308,WIDE01011054T
4309,WIDE01011057T
4310,WIDE01011058T
4311,WIDE01011059T
4312,WIDE01011060T
4313,WIDE01011062T
4314,WIDE01011063T
4315,WIDE01011066T
4316,WIDE01011068T
4317,WIDE01011069T
4318,WIDE01011071T
4319,WIDE01011073T
4320,WIDE01011076T
4321,WIDE01011077T
4322,WIDE01011079T
4323,WIDE01011080T
4324,WIDE01011081T
4325,WIDE01011082T
4326,WIDE01011086T
4327,WIDE01011088T
4328,WIDE01011089T
4329,WIDE01011091T
4330,WIDE01011092T
4331,WIDE01011093T
4332,WIDE01011094T
4333,WIDE01011095T
4334,WIDE01011099T
4335,WIDE01011103T
4336,WIDE01011104T
4337,WIDE01011105T
4338,WIDE01011107T
4339,WIDE01011108T
4340,WIDE01011109T
4341,WIDE01011110T
4342,WIDE01011111T
4343,WIDE01011112T
4344,WIDE01011115T
4345,WIDE01011116T
4346,WIDE01011117T
4347,WIDE01011118T
4348,WIDE01011120T
4349,WIDE01011122T
4350,WIDE01011124T
4351,WIDE01011125T
4352,WIDE01011126T
4353,WIDE01011127T
4354,WIDE01011136T
4355,WIDE01011137T
4356,WIDE01011138T
4357,WIDE01011139T
4358,WIDE01011140T
4359,WIDE01011142T
4360,WIDE01011144T
4361,WIDE01011146T
4362,WIDE01011147T
4363,WIDE01011149T
4364,WIDE01011150T
4365,WIDE01011151T
4366,WIDE01011152T
4367,WIDE01011153T
4368,WIDE01011154T
4369,WIDE01011155T
4370,WIDE01011158T
4371,WIDE01011163T
4372,WIDE01011164T
4373,WIDE01011165T
4374,WIDE01011166T
4375,WIDE01011167T
4376,WIDE01011168T
4377,WIDE01011169T
4378,WIDE01011170T
4379,WIDE01011171T
4380,WIDE01011172T
4381,WIDE01011175T
4382,WIDE01011176T
4383,WIDE01011183T
4384,WIDE01011186T
4385,WIDE01011187T
4386,WIDE01011188T
4387,WIDE01011189T
4388,WIDE01011190T
4389,WIDE01011191T
4390,WIDE01011192T
4391,WIDE01011193T
4392,WIDE01011196T
4393,WIDE01011197T
4394,WIDE01011198T
4395,WIDE01011199T
4396,WIDE01011200T
4397,WIDE01011201T
4398,WIDE01011202T
4399,WIDE01011203T
4400,WIDE01011204T
4401,WIDE01011205T
4402,WIDE01011206T
4403,WIDE01011207T
4404,WIDE01011208T
4405,WIDE01011209T
4406,WIDE01011210T
4407,WIDE01011211T
4408,WIDE01011214T
4409,WIDE01011219T
4410,WIDE01011220T
4411,WIDE01011221T
4412,WIDE01011222T
4413,WIDE01011223T
4414,WIDE01011225T
4415,WIDE01011226T
4416,WIDE01011230T
4417,WIDE01011231T
